e1f8406adda1cdf4db11da780d9bb59fc121d84b09689e95bea1adc649da984a	supervisor_procesos_m38_h0b_fuente_corporativa_contexto_actor_v1.go
2befe2a4c16fc7a57aacd421ea6c8419ab49160bb2ae0d0eb6f03786194aa744	supervisor_procesos_m38_h0b_fuente_corporativa_contexto_actor_v1_control_preinicio.go
10ccaf8347bfcaa5f3990b75b4c9becd62cd39b60249b628af6c7a1fc6bc8867	supervisor_procesos_m38_h0b_fuente_corporativa_contexto_actor_v1_control_preinicio_pruebas.go
01acb818e9abefcbfe4c279bb0dd5e3317bf03f082f1ed3fba4f257c5642866b	supervisor_procesos_m38_h0b_fuente_corporativa_contexto_actor_v1_operativo.go
d608868ecb2cb753876f488b522975e05af06c013c82222959be5d85100c3633	supervisor_procesos_m38_h0b_fuente_corporativa_contexto_actor_v1_sobre_s0.go
9015dff049f04f839920c964a5d8471c1b3f7f9e3dcab339266cf2e13f155bd8	supervisor_procesos_m38_h0b_fuente_corporativa_contexto_actor_v1_arranque_autoridad.go
f38dd287682916d97230ca18fc8c04b54377c09010e8e0ed5459d6fae29c65af	supervisor_procesos_m38_h0b_fuente_corporativa_contexto_actor_v1_arranque_preparacion.go
a8eb81a65fd2ef7183fa2a4d6c3630f4ed733034ca680f64d2b2eb3a9789974a	supervisor_procesos_m38_h0b_fuente_corporativa_contexto_actor_v1_arranque_inicio.go
d8bad20d409af9a4062d9a9fc73b9b0f014e4827fcbb0967e7263fee884971f3	supervisor_procesos_m38_h0b_fuente_corporativa_contexto_actor_v1_arranque_pruebas.go
7182defc49463a2da9a5cc4ef8f59440d0e90046ef33db8a308c557d2af18d6e	supervisor_procesos_m38_h0b_fuente_corporativa_contexto_actor_v1_arranque_pruebas_adversas.go
