archivo	lineas	sha256
supervisor_procesos_m38_h0b_fuente_corporativa_contexto_actor_v1.go	698	e1f8406adda1cdf4db11da780d9bb59fc121d84b09689e95bea1adc649da984a
supervisor_procesos_m38_h0b_fuente_corporativa_contexto_actor_v1_arranque_autoridad.go	559	9015dff049f04f839920c964a5d8471c1b3f7f9e3dcab339266cf2e13f155bd8
supervisor_procesos_m38_h0b_fuente_corporativa_contexto_actor_v1_arranque_inicio.go	548	a8eb81a65fd2ef7183fa2a4d6c3630f4ed733034ca680f64d2b2eb3a9789974a
supervisor_procesos_m38_h0b_fuente_corporativa_contexto_actor_v1_arranque_preparacion.go	500	f38dd287682916d97230ca18fc8c04b54377c09010e8e0ed5459d6fae29c65af
supervisor_procesos_m38_h0b_fuente_corporativa_contexto_actor_v1_arranque_pruebas.go	701	4908913bbe30fac6ced290d89d963d16be8a12d1d458264e3a88b38fd0199b5f
supervisor_procesos_m38_h0b_fuente_corporativa_contexto_actor_v1_arranque_pruebas_adversas.go	691	e091df8426c4bc6248a616d55cfdb0c46368d3abea687c053bd0bd20dc866644
supervisor_procesos_m38_h0b_fuente_corporativa_contexto_actor_v1_control_preinicio.go	404	2befe2a4c16fc7a57aacd421ea6c8419ab49160bb2ae0d0eb6f03786194aa744
supervisor_procesos_m38_h0b_fuente_corporativa_contexto_actor_v1_control_preinicio_pruebas.go	507	10ccaf8347bfcaa5f3990b75b4c9becd62cd39b60249b628af6c7a1fc6bc8867
supervisor_procesos_m38_h0b_fuente_corporativa_contexto_actor_v1_operativo.go	798	01acb818e9abefcbfe4c279bb0dd5e3317bf03f082f1ed3fba4f257c5642866b
supervisor_procesos_m38_h0b_fuente_corporativa_contexto_actor_v1_sobre_s0.go	431	d608868ecb2cb753876f488b522975e05af06c013c82222959be5d85100c3633
