clave	archivo	sha256
A	continuacion_procesos_m38_h0b_fuente_corporativa_contexto_actor_v1_autoridad.go	150c46ebeef8b6d2850d735b1f679701d620f0ef54850ab01f20fca986c9a599
B	captura_procesos_m38_h0b_fuente_corporativa_contexto_actor_v1_barrera.go	0499ede483615d57d5438d579f32580649b40fbf34b3be6bc26d31fa6c86c02d
C	continuacion_procesos_m38_h0b_fuente_corporativa_contexto_actor_v1_cont.go	447d5779ea90731b3b53a46870861b79bc95a478bd0fa7540b717ea279bd94be
G	supervisor_procesos_m38_h0b_fuente_corporativa_contexto_actor_v1_arranque_autoridad.go	9015dff049f04f839920c964a5d8471c1b3f7f9e3dcab339266cf2e13f155bd8
H	continuacion_procesos_m38_h0b_fuente_corporativa_contexto_actor_v1_handoff.go	66fb9c71e8c5d5e03cd7a32380986c23a0139720673a9b2348e1bcf03d3ec4cf
O	continuacion_procesos_m38_h0b_fuente_corporativa_contexto_actor_v1_observacion.go	bf2a5814608479cfe03628be31e951087a6da29f21f8a88a053108fa0d6620b0
Q	tools/o3c_p6_conductor/conductor.sh	5a0fd5515c8909b438ca718a47bd0dc7a630b27b0900be64888328eb157ae580
R	continuacion_procesos_m38_h0b_fuente_corporativa_contexto_actor_v1_revalidacion.go	35409603d803a6d74288a391bea93239d2246fbe3c0d35eecf2063c0da1fe1aa
T	continuacion_procesos_m38_h0b_fuente_corporativa_contexto_actor_v1_handoff_test.go	13bac7a37f5d82bc27d2cb4f767b963eee6f99961cf574a8616186afde391d76
