id	familia	alternativa	compilacion	muerte_causal	duracion_ns	salida_sha256
C001	C01	omitir-CAS-observador	COMPILA	MUERTO-PRUEBA-CAUSAL	913161414	1d69d44c7ef130c106826f0f613e7face9c5778e3423d4dfed8e4388fc93c55b
C002	C01	omitir-CAS-lease	COMPILA	MUERTO-PRUEBA-CAUSAL	810481416	64010fb7f66c96fa0e4cb19f7b063235fce6b2ab07a497bcf06a1d6e8cad6697
C003	C01	reordenar-CAS	COMPILA	MUERTO-PRUEBA-CAUSAL	109455622	e3b0c44298fc1c149afbf4c8996fb92427ae41e4649b934ca495991b7852b855
C004	C01	mutar-B5	COMPILA	MUERTO-PRUEBA-CAUSAL	806639466	d694ab40ce5235d3cc9c33c26868172a2fb735c608db37e2aa0de49ed90a5501
C005	C01	no-anular-llamador	COMPILA	MUERTO-PRUEBA-CAUSAL	5754317816	0f14573c168a55168395bc13d6b094e0220e374ab9b71b257778bb996be01abf
C006	C01	aceptar-alias	COMPILA	MUERTO-PRUEBA-CAUSAL	109281022	e3b0c44298fc1c149afbf4c8996fb92427ae41e4649b934ca495991b7852b855
C007	C01	aceptar-clon	COMPILA	MUERTO-PRUEBA-CAUSAL	112326725	e3b0c44298fc1c149afbf4c8996fb92427ae41e4649b934ca495991b7852b855
C008	C01	aceptar-reuso-antes-C5	COMPILA	MUERTO-AST-TIPOS-DAG-CAUSAL	11111435312	5ad7f0ed4cce578ae36d16770220b0641dd711bd1d57275f084ce87c94904760
C009	C01	aceptar-replay-despues-C5	COMPILA	MUERTO-AST-TIPOS-DAG-CAUSAL	6835223508	5ad7f0ed4cce578ae36d16770220b0641dd711bd1d57275f084ce87c94904760
C010	C01	retornar-particion	COMPILA	MUERTO-PRUEBA-CAUSAL	5231264980	89da52d9e7523580db88225540b291585d55fe1c221af6a468b2e65041596502
C011	C02	aceptar-estado-no-B5	COMPILA	MUERTO-AST-TIPOS-DAG-CAUSAL	6654130454	6f2e10c6db2e274c73e6d7ec1dd11586105651959534d7fb75e59a967de00739
C012	C02	aceptar-atomicos-no-1-1	COMPILA	MUERTO-AST-TIPOS-DAG-CAUSAL	6341528856	4ecab0886af7f0a236d9bb029bf1939b4cc1213f63e4d815761d27481f1524b3
C013	C02	aceptar-recurso-nulo	COMPILA	MUERTO-AST-TIPOS-DAG-CAUSAL	7781013911	143f117f1011b3a5b8bf5d6689bca762c16e9639d02a0ab4fcb7f23f780c76a3
C014	C02	aceptar-ticket-writer	COMPILA	MUERTO-AST-TIPOS-DAG-CAUSAL	6542710996	fe0bbebb1470096be99d198f8b14bcb1ff1c50540f3ab1dc2481b954bf649224
C015	C02	aceptar-observacion-previa	COMPILA	MUERTO-AST-TIPOS-DAG-CAUSAL	6637513276	8aad0d635a89bcb16e2b2d4b1fe961c9c559c9cd208755ff14048d521ab43df3
C016	C03	omitir-registro	COMPILA	MUERTO-AST-TIPOS-DAG-CAUSAL	6845513761	cd54ea8dfb749150fffba7d79ab75d72a02c2358f2051d48f7d2dfc9cb34d25d
C017	C03	omitir-pertenencia	COMPILA	MUERTO-AST-TIPOS-DAG-CAUSAL	6631786627	80615b747609973cc4e2e18077bf78a630408ba427671875997b624b4fd6f4c2
C018	C03	omitir-generacion	COMPILA	MUERTO-AST-TIPOS-DAG-CAUSAL	7041007866	cd1908e8d50f9bf084834ca1b2c86ee0ee0ec7a20b910d0e9917f15a2f2d766a
C019	C03	omitir-TID	COMPILA	MUERTO-AST-TIPOS-DAG-CAUSAL	6943507664	46c4564334bc75b987f49b6008cb16d66635864a3715e3b3edffe381e2b5e445
C020	C03	omitir-PPID	COMPILA	MUERTO-AST-TIPOS-DAG-CAUSAL	7560957478	b4e16d8c4a4bd8096ff653571cc41c23e304a659778345f81d6091f85ba799c6
C021	C03	omitir-PDEATHSIG	COMPILA	MUERTO-AST-TIPOS-DAG-CAUSAL	6839015533	347627f342fd2b17ca2157f9b79349719bb46607aa1947ab03988bfd923a9d36
C022	C03	omitir-baseline	COMPILA	MUERTO-AST-TIPOS-DAG-CAUSAL	6646753492	67ca9b1a863a40bc7fda3b563c08f5913b5ba72a4f408e453b21ff3ca5f05aa9
C023	C03	omitir-signo	COMPILA	MUERTO-PRUEBA-CAUSAL	5218000815	a794bed6b9edb91123175aa43b77fe6b0109710b57dd588f74563c1813ca77bc
C024	C04	reordenar-CONTROL-segunda-ronda	COMPILA	MUERTO-AST-TIPOS-DAG-CAUSAL	6440798066	0f5ec332c52f9b9e3c00120ddf4098edf467830e4e06b3569effc9d1e9c3d07f
C025	C04	reordenar-CONTROL-ronda-principal	COMPILA	MUERTO-AST-TIPOS-DAG-CAUSAL	10617457439	b6d371e091c8a2e784cb16a80ab2dae484ea50f9fcb6ccbba5360a9c6d254132
C026	C04	aceptar-EOF	COMPILA	MUERTO-PRUEBA-CAUSAL	3914693743	fcaa636bdd128ca1011507e790c56307836cb1504ec53d1b4df5d824f13e6554
C027	C04	aceptar-parcial	COMPILA	MUERTO-PRUEBA-CAUSAL	4519925484	e8f967e217cf3cc49e5fe9cdeccbbd3fe39549ab3ec47dc897f88b69bce9797b
C028	C04	aceptar-framing	COMPILA	MUERTO-AST-TIPOS-DAG-CAUSAL	6326198758	9e31252c206abe4801498735d841eff5b4489250396c1bed500a96ebe28a23e7
C029	C04	aceptar-presupuesto	COMPILA	MUERTO-AST-TIPOS-DAG-CAUSAL	6632107086	f447d1e2a1664977e896b7537a63ef946bd33e0a35c89e507913c464de690650
C030	C04	aceptar-EINTR	COMPILA	MUERTO-AST-TIPOS-DAG-CAUSAL	6220766679	4832b70498c9b7878e3a17a2e72693d80a60e2147d8bc97d320e65236b1b38c0
C031	C05	recrear-bootstrap	COMPILA	MUERTO-PRUEBA-CAUSAL	710557258	9cd064cdf3c3f2376c8e7ac3ebe2a9ab3c19d83992b40a90111aee88815547ae
C032	C05	extender-bootstrap	COMPILA	MUERTO-PRUEBA-CAUSAL	808897804	9cd064cdf3c3f2376c8e7ac3ebe2a9ab3c19d83992b40a90111aee88815547ae
C033	C05	ignorar-vencimiento	COMPILA	MUERTO-PRUEBA-CAUSAL	5119984897	bf869da4b7f0d4e7d003bc47f5cc1dfd7d6a85ec08c32343b81dba4f49880543
C034	C06	omitir-primario	COMPILA	MUERTO-PRUEBA-CAUSAL	4118731593	60b30c0061af9dd52038770cd78acc5f7fa980303288644456a1b17baff8b590
C035	C06	omitir-reserva	COMPILA	MUERTO-PRUEBA-CAUSAL	4019733659	cdab58b36b0e72632cf6079d299a1591e980ea210251e83665aa3664d02ce295
C036	C06	omitir-handle	COMPILA	MUERTO-AST-TIPOS-DAG-CAUSAL	6123192143	719ae82f51fc74c6f9f70b5ab070f49976cc5dbab9329f2f72a90d73db843473
C037	C06	aceptar-cuarta	COMPILA	MUERTO-PRUEBA-CAUSAL	809086587	207f342dc85f68faa3f45d8a273c31a8420b4a4fdd68440025b375911e9a1407
C038	C06	duplicar	COMPILA	MUERTO-PRUEBA-CAUSAL	707104451	40c8261bbb0439240aef98193afaac66bf4a9cbcb9cbcf030eeda547e9e98db2
C039	C06	promover-reserva	COMPILA	MUERTO-PRUEBA-CAUSAL	4814815918	924b4b7bb7acb9668cc62ce0e6d84c91ffb10041c5233f27184d025ab4be6880
C040	C07	aceptar-terminalidad	COMPILA	MUERTO-PRUEBA-CAUSAL	4013673848	5b8ce0bdaf31097f80a59ec91317fd31e716af0918f936ce5f3f7819b054f1ff
C041	C07	aceptar-flags	COMPILA	MUERTO-AST-TIPOS-DAG-CAUSAL	6223684893	1237d6d7ed507c78234c79ddb432394141526a2f586e0ed5945f2b252d5f03a9
C042	C07	ruta-proc-distinta	COMPILA	MUERTO-PRUEBA-CAUSAL	808061770	b659766a2007e3075e831f80b6b0d8d5e32a11b3250aea6f9a6d3afb5d10e0e2
C043	C07	omitir-T	COMPILA	MUERTO-AST-TIPOS-DAG-CAUSAL	6124787390	0bffc16b796edca27264bce0f9e56dc2bf609503e8e93afb2f7e81b321979918
C044	C07	omitir-PID	COMPILA	MUERTO-AST-TIPOS-DAG-CAUSAL	7153654108	28259601d934fabff2d211a11c7c613525db90e9ecf5c36a338c88d67c289cbc
C045	C07	omitir-PPID	COMPILA	MUERTO-AST-TIPOS-DAG-CAUSAL	6329515305	95cdd8f2cfa8b805c7da58aff38b803117bff485746898106b8ee4053164244c
C046	C07	omitir-PGID	COMPILA	MUERTO-AST-TIPOS-DAG-CAUSAL	6125761631	47a21dd7e1e3eeb4ab3623e49aedc5d500f77de0dbe08fa5a275be1dbc5e9847
C047	C07	omitir-SID	COMPILA	MUERTO-AST-TIPOS-DAG-CAUSAL	6438204584	7e07a58d104decf0dc104fb82933890b7e85226e994dc19b319568e53bc1d947
C048	C07	omitir-starttime	COMPILA	MUERTO-AST-TIPOS-DAG-CAUSAL	6629984539	0140b2cbbba025afb76b090b8635944ff3e9f9c0096ba55123708e7dfcc5a472
C049	C08	compartir-permiso	COMPILA	MUERTO-PRUEBA-CAUSAL	2920527432	c917af9e5f4c9f1447432bb19a1a53336f82e48d47b8f9414168c76028636fb8
C050	C08	forjar-permiso	COMPILA	MUERTO-AST-TIPOS-DAG-CAUSAL	10688944350	c7fc6953bf6cecce9a68998a9d0fa7983f88dfd62a4468cc3d97f96337da69e3
C051	C08	omitir-comenzar	COMPILA	MUERTO-PRUEBA-CAUSAL	2922061262	9d57e1a1801cef693ce40d181405d469254ed7269edb85a388f2cf72e4033528
C052	C08	omitir-consolidar	COMPILA	MUERTO-PRUEBA-CAUSAL	3218882947	c90557413f531a84e1590f6db673d2cd076702c6d0fe7aeff1a9f9eced5fb8fb
C053	C09	deadline-antes	COMPILA	MUERTO-PRUEBA-CAUSAL	5220742383	bf869da4b7f0d4e7d003bc47f5cc1dfd7d6a85ec08c32343b81dba4f49880543
C054	C09	deadline-despues	COMPILA	MUERTO-PRUEBA-CAUSAL	3216922814	1009c50f39a7af8e886e3a9414bcf00f08904124ec424dd0b2a905f6a830f589
C055	C09	deadline-doble	COMPILA	MUERTO-PRUEBA-CAUSAL	5119320228	bf869da4b7f0d4e7d003bc47f5cc1dfd7d6a85ec08c32343b81dba4f49880543
C056	C09	179-segundos	COMPILA	MUERTO-PRUEBA-CAUSAL	4519234012	24a82d1c3087fa4932ed3a9407798f601c708d6aff502a8dc52639e455fc7595
C057	C09	181-segundos	COMPILA	MUERTO-PRUEBA-CAUSAL	4517627702	24a82d1c3087fa4932ed3a9407798f601c708d6aff502a8dc52639e455fc7595
C058	C09	aceptar-overflow	COMPILA	MUERTO-AST-TIPOS-DAG-CAUSAL	7555638103	293af35ca3f8f03ce94eb3bc2090821d287d427a0b54626c82bef1a5a844132e
C059	C10	insertar-syscall	COMPILA	MUERTO-AST-TIPOS-DAG-CAUSAL	1625197032	5ea21e06f529a75ac2649666e65e9a1c43afd689a51d77a0fff9c62841ee3489
C060	C10	insertar-reloj	COMPILA	MUERTO-AST-TIPOS-DAG-CAUSAL	1819701678	0e48312130aed5d0064f310ca5b0f6d412342c48d8c637745be583dded6f73a8
C061	C10	insertar-log	COMPILA	MUERTO-AST-TIPOS-DAG-CAUSAL	1315633074	5ea21e06f529a75ac2649666e65e9a1c43afd689a51d77a0fff9c62841ee3489
C062	C10	insertar-asignacion	COMPILA	MUERTO-AST-TIPOS-DAG-CAUSAL	1308705862	5ea21e06f529a75ac2649666e65e9a1c43afd689a51d77a0fff9c62841ee3489
C063	C10	insertar-IO	COMPILA	MUERTO-AST-TIPOS-DAG-CAUSAL	1317617101	5ea21e06f529a75ac2649666e65e9a1c43afd689a51d77a0fff9c62841ee3489
C064	C11	senal-cero	COMPILA	MUERTO-AST-TIPOS-DAG-CAUSAL	1215469479	24ee2f6c5ecd4f30b20188fc81e8c294458554bb0bc21fd9d84dbda3c6776116
C065	C11	senal-STOP	COMPILA	MUERTO-AST-TIPOS-DAG-CAUSAL	1313313460	24ee2f6c5ecd4f30b20188fc81e8c294458554bb0bc21fd9d84dbda3c6776116
C066	C11	senal-TERM	COMPILA	MUERTO-AST-TIPOS-DAG-CAUSAL	1208969678	24ee2f6c5ecd4f30b20188fc81e8c294458554bb0bc21fd9d84dbda3c6776116
C067	C11	senal-KILL	COMPILA	MUERTO-AST-TIPOS-DAG-CAUSAL	1210619306	24ee2f6c5ecd4f30b20188fc81e8c294458554bb0bc21fd9d84dbda3c6776116
C068	C11	flag-cero	COMPILA	MUERTO-AST-TIPOS-DAG-CAUSAL	1310459264	b11a649d1ae725e5b062a333cc61264bd902609bd837bcf1fc43f6a1d7408f5a
C069	C11	PID-numerico	COMPILA	MUERTO-AST-TIPOS-DAG-CAUSAL	1207275276	b9cc69e4e4d7c27f341094b8eced1762335e1ad7f1dbb49048b56e85deb6cc96
C070	C11	PGID-numerico	COMPILA	MUERTO-AST-TIPOS-DAG-CAUSAL	1009729110	312c8b218dac8bf63a28d55134f0367a63deaf0cedb2c8f47c73ccf4abef6c73
C071	C12	reintentar-CONT	COMPILA	MUERTO-PRUEBA-CAUSAL	5117505964	bf869da4b7f0d4e7d003bc47f5cc1dfd7d6a85ec08c32343b81dba4f49880543
C072	C12	EINTR-no-intento	COMPILA	MUERTO-AST-TIPOS-DAG-CAUSAL	11185409095	2c81045549ff57af7abc9c6366e327cfb0994fadb1420a76ec046a3c63d6dcb2
C073	C12	perder-raw	COMPILA	MUERTO-PRUEBA-CAUSAL	5020476004	8e80d5a2965a5fffa9568002d3f5685fcf3c25f50a546b0aa45c5876e5e12980
C074	C13	CONT-tras-bootstrap	COMPILA	MUERTO-PRUEBA-CAUSAL	3219120595	b3b0b58330ec6b3ebc63d50c3a92be44558c8351de2b751af50e0bf66e2ee74c
C075	C14	poll-bloqueante	COMPILA	MUERTO-PRUEBA-CAUSAL	4333931163	822e96afdcaf16ef3425791ea9981c6dbbe213df18d628411a4bb2a4956cba68
C076	C14	omitir-poll	COMPILA	MUERTO-PRUEBA-CAUSAL	4316522664	8929faaf19a780a426e0117cd761d44abc2e3212c72e78d35afb7860f28c99dc
C077	C14	confundir-vacio	COMPILA	MUERTO-PRUEBA-CAUSAL	4215452668	542e0c413b17135242c6a7b062f2f166618df2e18e58a3de85c9e17bdb453f93
C078	C14	confundir-POLLIN	COMPILA	MUERTO-PRUEBA-CAUSAL	4724434110	56bfbbf6b78948dca5b94053a5d7f24ab72a3142658d6b2eae77d3abb5885e38
C079	C14	confundir-infra	COMPILA	MUERTO-PRUEBA-CAUSAL	5544742317	586cf0f2bddee775b3b1130a23681be7e2e59da22d0d85e743160cf90f682f78
C080	C14	variante-fuera-union	COMPILA	MUERTO-AST-TIPOS-DAG-CAUSAL	11432150509	3f6a3335852661d30541946f7285e87a7c9823f26c6deff033acce0b59112a6e
C081	C15	senal-antes-CONTROL	COMPILA	MUERTO-PRUEBA-CAUSAL	5226609552	aaa4b946f735a5cd2aa4de276491a3ff1c3a6da4241cdf6050a5de1982409291
C082	C15	pidfd-antes-senal	COMPILA	MUERTO-PRUEBA-CAUSAL	5332484452	a5582b7b6499ce589007d09859c77f902d43a1cd4ad40e98ed673ae1f7533016
C083	C15	consultar-pidfd-tras-raw	COMPILA	MUERTO-PRUEBA-CAUSAL	5120543043	a5582b7b6499ce589007d09859c77f902d43a1cd4ad40e98ed673ae1f7533016
C084	C15	combinar-discriminantes	COMPILA	MUERTO-PRUEBA-CAUSAL	4416534160	8929faaf19a780a426e0117cd761d44abc2e3212c72e78d35afb7860f28c99dc
C085	C16	omitir-discriminante	COMPILA	MUERTO-PRUEBA-CAUSAL	3522312714	0576a1a1cca2bf81a65abf689193cec2bf4aad1f13dbfc1a300d1ab08581194a
C086	C16	sustituir-discriminante	COMPILA	MUERTO-PRUEBA-CAUSAL	4633966403	d3252a1c9466ef0e557c376b167610a15490fe0a82a7ed23414710184b4d7baf
C087	C16	segundo-CAS	COMPILA	MUERTO-PRUEBA-CAUSAL	5222061753	47a9b29c7bbb8ffbdb2a878037d10354c8e910ec8cca5366a331475bce3bf88d
C088	C16	fijar-causa	COMPILA	MUERTO-AST-TIPOS-DAG-CAUSAL	6635528856	eb5532b69e22f0ab9bbdd9db3ed0d5bfb0fa46d927b62a18c65b3bc4fcc30449
C089	C17	lease-owner-primero	COMPILA	MUERTO-AST-TIPOS-DAG-CAUSAL	6429409345	0d394e73c86d8461e081fd6e25d1aaed91e5e0ccfded1a75dea4bf9ea64f14f1
C090	C17	revertir-1-1	COMPILA	MUERTO-PRUEBA-CAUSAL	4418373341	83e07da2c50010264d2c74c1760a0a69acd117d8bea8312b3ee40d1f35757fd9
C091	C17	omitir-autoridad-conjunta	COMPILA	MUERTO-AST-TIPOS-DAG-CAUSAL	6222383439	bb17f6ff63596f416e4b5e6067d61bb5560e4a7fb96340ad4d13154d6d837a67
C092	C17	omitir-prevalidacion	COMPILA	MUERTO-AST-TIPOS-DAG-CAUSAL	6431033544	108aa7634eb3fb2110b6b51a1571c225d6de1fb7793f1e3c70b7c40ea2aa6269
C093	C17	omitir-C4T	COMPILA	MUERTO-AST-TIPOS-DAG-CAUSAL	6840236290	e9f6e99d4208c9130b5cee37f0b5c65ca7b47c998e9a6a6ee3bffb643f3a34d0
C094	C17	retornar-parcial	COMPILA	MUERTO-PRUEBA-CAUSAL	5024493214	3a00515872478c6baebb6ca5404def79abf54abe1798a708e8b1b8315f70e87c
C095	C18	exponer-PID	COMPILA	MUERTO-AST-TIPOS-DAG-CAUSAL	6830859630	055a7e8478b70d5d4bae3c2a3d978fc74fadc8d605c4e1a75a1304790078ab20
C096	C18	exponer-pidfd	COMPILA	MUERTO-AST-TIPOS-DAG-CAUSAL	6334769586	055a7e8478b70d5d4bae3c2a3d978fc74fadc8d605c4e1a75a1304790078ab20
C097	C18	omitir-autoridad	COMPILA	MUERTO-PRUEBA-CAUSAL	4312778901	20f570bceaa07e5665b2e5fd16fd2317bac692f1e404f5839b9265bbabb3d6df
C098	C18	omitir-recurso	COMPILA	MUERTO-PRUEBA-CAUSAL	4318170657	83e07da2c50010264d2c74c1760a0a69acd117d8bea8312b3ee40d1f35757fd9
C099	C18	omitir-plazo	COMPILA	MUERTO-AST-TIPOS-DAG-CAUSAL	10765343014	f77f930f13266ffe54a619b9eebd69ac610d142f244ce268fcb329d900027f43
C100	C18	omitir-raw-CONT	COMPILA	MUERTO-AST-TIPOS-DAG-CAUSAL	6327586918	f77f930f13266ffe54a619b9eebd69ac610d142f244ce268fcb329d900027f43
C101	C18	omitir-union	COMPILA	MUERTO-PRUEBA-CAUSAL	4419118930	20f570bceaa07e5665b2e5fd16fd2317bac692f1e404f5839b9265bbabb3d6df
C102	C18	mezclar-raw-observacion	COMPILA	MUERTO-AST-TIPOS-DAG-CAUSAL	6223173623	f77f930f13266ffe54a619b9eebd69ac610d142f244ce268fcb329d900027f43
C103	C18	incluir-ticket	COMPILA	MUERTO-AST-TIPOS-DAG-CAUSAL	6331465644	055a7e8478b70d5d4bae3c2a3d978fc74fadc8d605c4e1a75a1304790078ab20
C104	C19	CONT-en-retirada	COMPILA	MUERTO-PRUEBA-CAUSAL	5121026960	347b51e755259009706ce57feb0ddd2ad8877be8d56a870f738cf59211bfc8fb
C105	C19	flag-grupo-retirada	COMPILA	MUERTO-AST-TIPOS-DAG-CAUSAL	6222938709	742b9d553dbe063adf58d37b6dbfabf473d8ff799769cace355ab5125651c391
C106	C19	Wait-antes-terminalidad	COMPILA	MUERTO-AST-TIPOS-DAG-CAUSAL	1110863984	52e3dca1b6467fc1f39782296bfca7d72373d67a138faa887acbf17211907ec9
C107	C19	omitir-ECHILD	COMPILA	MUERTO-PRUEBA-CAUSAL	4639665331	2263181097ec2da443178b5d15c80e22e3272a859ebbd58df6dd1322549efd19
C108	C19	omitir-ESRCH	COMPILA	MUERTO-PRUEBA-CAUSAL	4723841500	814375cb6d3d0ecb9b04cc27b04c7ff04cd753e275b0983c3059fc209ecc924d
C109	C19	cerrar-TERMINAL-antes	COMPILA	MUERTO-PRUEBA-CAUSAL	4514924885	2263181097ec2da443178b5d15c80e22e3272a859ebbd58df6dd1322549efd19
C110	C19	cerrar-pidfd-antes-ESRCH	COMPILA	MUERTO-PRUEBA-CAUSAL	4516364078	2263181097ec2da443178b5d15c80e22e3272a859ebbd58df6dd1322549efd19
C111	C19	reiniciar-3s	COMPILA	MUERTO-AST-TIPOS-DAG-CAUSAL	6426533501	f4591d5e4a2fc240963014d320ab4530c0f82205a67a00596675d299ee062bc0
C112	C20	cerrar-tras-CF	COMPILA	MUERTO-AST-TIPOS-DAG-CAUSAL	1312725119	d6642da51d886b5cd47326ebd17c611ff0e69860c5ca3dac01fea980d9146143
C113	C20	loguear-tras-CF	COMPILA	MUERTO-AST-TIPOS-DAG-CAUSAL	1208217600	d6642da51d886b5cd47326ebd17c611ff0e69860c5ca3dac01fea980d9146143
C114	C20	retornar-tras-CF	COMPILA	MUERTO-AST-TIPOS-DAG-CAUSAL	1507993071	d6642da51d886b5cd47326ebd17c611ff0e69860c5ca3dac01fea980d9146143
C115	C20	retirar-post-CONT	COMPILA	MUERTO-AST-TIPOS-DAG-CAUSAL	1107727575	fa665fcf2a4e736de31eb8ed04964f8950b344638cc652c2f9e86e4f7d696712
C116	C21	waitid	COMPILA	MUERTO-AST-TIPOS-DAG-CAUSAL	1207186924	ba49c9d4d330210f250edcea1fdd5140ed9713a4c8f17a4e6bb00939c6adcdd3
C117	C21	segundo-Wait	COMPILA	MUERTO-AST-TIPOS-DAG-CAUSAL	1416644884	52e3dca1b6467fc1f39782296bfca7d72373d67a138faa887acbf17211907ec9
C118	C21	Wait-fuera-C7	COMPILA	MUERTO-AST-TIPOS-DAG-CAUSAL	1209305794	709788f73e7137547705d6bf1b652d61c2e82e4d65d41a615597198965d3928d
C119	C21	CONT-extra	COMPILA	MUERTO-AST-TIPOS-DAG-CAUSAL	1515758162	ba49c9d4d330210f250edcea1fdd5140ed9713a4c8f17a4e6bb00939c6adcdd3
C120	C21	TERM-funcional	COMPILA	MUERTO-AST-TIPOS-DAG-CAUSAL	1914787019	ba49c9d4d330210f250edcea1fdd5140ed9713a4c8f17a4e6bb00939c6adcdd3
C121	C21	KILL-funcional	COMPILA	MUERTO-AST-TIPOS-DAG-CAUSAL	4533785718	ba49c9d4d330210f250edcea1fdd5140ed9713a4c8f17a4e6bb00939c6adcdd3
C122	C21	escribir-TERMINAL	COMPILA	MUERTO-AST-TIPOS-DAG-CAUSAL	1209157843	825e5ff0f112b029ec0f0612577d411dc0ab044df6ffd46e1aaec45d20550e26
C123	C21	cerrar-fuera-C7	COMPILA	MUERTO-AST-TIPOS-DAG-CAUSAL	1210970866	e738ac650425692da5dcaaeef5df450b01afc1646de6244f77ecac6df2d84124
C124	C21	fin-alternativo	COMPILA	MUERTO-AST-TIPOS-DAG-CAUSAL	1111137414	18ad6a6bc56abac4551cbbb437d2f6774aa2e9fc5fad6be05a5eb4813689422a
C125	C22	falsear-inventario	COMPILA	MUERTO-META-CONDUCTOR-CAUSAL	3146023	e3b0c44298fc1c149afbf4c8996fb92427ae41e4649b934ca495991b7852b855
C126	C22	aceptar-residuos	COMPILA	MUERTO-META-CONDUCTOR-CAUSAL	3116039	e3b0c44298fc1c149afbf4c8996fb92427ae41e4649b934ca495991b7852b855
C127	C22	aceptar-SKIP	COMPILA	MUERTO-META-CONDUCTOR-CAUSAL	2706054	e3b0c44298fc1c149afbf4c8996fb92427ae41e4649b934ca495991b7852b855
C128	C22	aceptar-reintento	COMPILA	MUERTO-META-CONDUCTOR-CAUSAL	3877693	e3b0c44298fc1c149afbf4c8996fb92427ae41e4649b934ca495991b7852b855
C129	C22	reutilizar-evidencia	COMPILA	MUERTO-META-CONDUCTOR-CAUSAL	3006585	e3b0c44298fc1c149afbf4c8996fb92427ae41e4649b934ca495991b7852b855
C130	C23	segundo-owner	COMPILA	MUERTO-AST-TIPOS-DAG-CAUSAL	6329684854	055a7e8478b70d5d4bae3c2a3d978fc74fadc8d605c4e1a75a1304790078ab20
C131	C23	ciclo	COMPILA	MUERTO-AST-TIPOS-DAG-CAUSAL	6225185901	e52bb695fdfcf0018e06f6e2d931a744859431fc792db6457a9fd5e5e099dfc0
C132	C23	hook	COMPILA	MUERTO-META-EVIDENCIA-NUEVA-CAUSAL	5119516502	c26de83abdc9496cd1301470918ec39ecca1cf389ef0ae1c6504da1800d1c431
C133	C23	callback	COMPILA	MUERTO-META-EVIDENCIA-NUEVA-CAUSAL	5423934898	c26de83abdc9496cd1301470918ec39ecca1cf389ef0ae1c6504da1800d1c431
C134	C23	goroutine	COMPILA	MUERTO-META-EVIDENCIA-NUEVA-CAUSAL	5120589987	c26de83abdc9496cd1301470918ec39ecca1cf389ef0ae1c6504da1800d1c431
C135	C23	global	COMPILA	MUERTO-META-EVIDENCIA-NUEVA-CAUSAL	5124783955	c26de83abdc9496cd1301470918ec39ecca1cf389ef0ae1c6504da1800d1c431
C136	C23	init	COMPILA	MUERTO-META-EVIDENCIA-NUEVA-CAUSAL	5118208841	c26de83abdc9496cd1301470918ec39ecca1cf389ef0ae1c6504da1800d1c431
C137	C24	limite-1024	COMPILA	MUERTO-META-EVIDENCIA-NUEVA-CAUSAL	5018995824	c26de83abdc9496cd1301470918ec39ecca1cf389ef0ae1c6504da1800d1c431
C138	C24	limite-4	COMPILA	MUERTO-META-EVIDENCIA-NUEVA-CAUSAL	5120650078	c26de83abdc9496cd1301470918ec39ecca1cf389ef0ae1c6504da1800d1c431
C139	C24	limite-4096	COMPILA	MUERTO-META-EVIDENCIA-NUEVA-CAUSAL	5116615519	c26de83abdc9496cd1301470918ec39ecca1cf389ef0ae1c6504da1800d1c431
C140	C24	limite-8	COMPILA	MUERTO-META-EVIDENCIA-NUEVA-CAUSAL	5115400476	c26de83abdc9496cd1301470918ec39ecca1cf389ef0ae1c6504da1800d1c431
C141	C24	plazo-180	COMPILA	MUERTO-PRUEBA-CAUSAL	5047285592	24a82d1c3087fa4932ed3a9407798f601c708d6aff502a8dc52639e455fc7595
C142	C24	retirada-3	COMPILA	MUERTO-AST-TIPOS-DAG-CAUSAL	6327310438	d3b5984c0942234359616bf0088269be5e91bc3860ce6443b40168e46300c804
C143	C24	minimo-FD	COMPILA	MUERTO-META-EVIDENCIA-NUEVA-CAUSAL	5113588382	c26de83abdc9496cd1301470918ec39ecca1cf389ef0ae1c6504da1800d1c431
C144	C24	parada-650	COMPILA	MUERTO-META-EVIDENCIA-NUEVA-CAUSAL	5016287226	c26de83abdc9496cd1301470918ec39ecca1cf389ef0ae1c6504da1800d1c431
