id	modo	comando	sha_target	estado	stdout_bytes	stderr_bytes	duracion_ms	fd_inicio	fd_fin	hijos_inicio	hijos_fin	zombis_inicio	zombis_fin	grupos_inicio	grupos_fin	temporales_inicio	temporales_fin	oraculo	resultado
O01_ENTRADA_LINEAL	normal	testbin -test.run=^(TestConsumirAutoridadO3bNominalYAlias|TestConsumirAutoridadO3bRechazaEntradaYAutoridad)$ -test.count=1	f09d79b014abc432bd02d5ee8062286cbf9957d0a4e2df40f632624700526b4d	0	5	0	105	5	5	0	0	0	0	0	0	0	0	entrada A6 consumida una vez; nulo alias clon reuso cerrados	GO
O02_CONTADOR	normal	testbin -test.run=^(TestBarreraO3bRelecturaFinalDetectaSenal|TestHandoffO3bNegativosNoTransfieren)$ -test.count=1	f09d79b014abc432bd02d5ee8062286cbf9957d0a4e2df40f632624700526b4d	0	5	0	405	5	5	0	0	0	0	0	0	0	0	baseline signo registro TID y cambio final retiran	GO
O03_CONTROL	normal	testbin -test.run=^(TestBarreraO3bLimitesControl|TestBarreraO3bControlCerrado|TestBarreraO3bErrorLecturaRetira)$ -test.count=1	f09d79b014abc432bd02d5ee8062286cbf9957d0a4e2df40f632624700526b4d	0	5	0	105	5	5	0	0	0	0	0	0	0	0	CANCELAR EOF parcial framing presupuesto EINTR y error antes de ticket	GO
O04_BOOTSTRAP	normal	testbin -test.run=^(TestBarreraO3bBordeBootstrap|TestHandoffO3bNegativosNoTransfieren)$ -test.count=1	f09d79b014abc432bd02d5ee8062286cbf9957d0a4e2df40f632624700526b4d	0	5	0	407	5	5	0	0	0	0	0	0	0	0	borde un segundo y entrega con tiempo positivo sin reinicio	GO
O05_PIDFD	normal	testbin -test.run=^(TestBarreraO3bSinReferenciaFiableEsFatal|TestBarreraO3bRechazaCuartaReferenciaYRecursosCorruptos)$ -test.count=1	f09d79b014abc432bd02d5ee8062286cbf9957d0a4e2df40f632624700526b4d	0	5	0	106	5	5	0	0	0	0	0	0	0	0	res referencias exactas; una perdida retira y ambas fatalizan	GO
O06_SIN_DUP	normal	testbin -test.run=^(TestBarreraO3bNoDuplicaPidfd)$ -test.count=1	f09d79b014abc432bd02d5ee8062286cbf9957d0a4e2df40f632624700526b4d	0	5	0	107	5	5	0	0	0	0	0	0	0	0	cero F_DUPFD pidfd_open u os.NewFile pidfd	GO
O07_TRAMA	normal	testbin -test.run=^(TestTicketO3bByteExactoYUsoUnico|TestTicketO3bPreparacionCerrada)$ -test.count=1	f09d79b014abc432bd02d5ee8062286cbf9957d0a4e2df40f632624700526b4d	0	5	0	906	5	5	0	0	0	0	0	0	0	0	PID_SUPERVISOR ticket LF byte exacto y escritor unico	GO
O08_PARCIALES	normal	testbin -test.run=^(TestTicketO3bEscrituraParcialYEINTRAcotado|TestTicketO3bFalloCierraUnaVezSinSegundaEmision|TestTicketO3bCierreFallidoNoSeReintenta)$ -test.count=1	f09d79b014abc432bd02d5ee8062286cbf9957d0a4e2df40f632624700526b4d	0	5	0	405	5	5	0	0	0	0	0	0	0	0	parciales EINTR cero EPIPE y cierre convergen sin segunda emision	GO
O09_AUTO_STOP	normal	testbin -test.run=^(TestStopO3bAutoStopRealSinSenalGo|TestStopO3bMuestrasYPlazo)$ -test.count=1	f09d79b014abc432bd02d5ee8062286cbf9957d0a4e2df40f632624700526b4d	0	5	0	205	5	5	0	0	0	0	0	0	0	0	T estable posterior al cierre sin STOP emitido por Go	GO
O10_PROC_STAT	normal	testbin -test.run=^(TestParsearStatO3bAcotadoYAdversarial|TestIdentidadO3bRechazaCampos)$ -test.count=1	f09d79b014abc432bd02d5ee8062286cbf9957d0a4e2df40f632624700526b4d	0	5	0	105	5	5	0	0	0	0	0	0	0	0	comm adversarial limite 4096 cardinalidad signo cero overflow y campos exactos	GO
O11_SONDA_GRUPO	normal	testbin -test.run=^(TestStopO3bNegativosCeroTicket)$ -test.count=1	f09d79b014abc432bd02d5ee8062286cbf9957d0a4e2df40f632624700526b4d	0	5	0	205	5	5	0	0	0	0	0	0	0	0	pidfd señal cero con flag de grupo y errores cerrados	GO
O12_PRECEDENCIAS	normal	testbin -test.run=^(TestBarreraO3bPrecedenciasYNegativos|TestBarreraO3bRelecturaFinalDetectaControl)$ -test.count=1	f09d79b014abc432bd02d5ee8062286cbf9957d0a4e2df40f632624700526b4d	0	5	0	106	5	5	0	0	0	0	0	0	0	0	CONTROL señal bootstrap pidfd STOP identidad inventario en orden total	GO
O13_TERMINALIDAD	normal	testbin -test.run=^(TestIdentidadO3bExactaReal|TestIdentidadO3bRechazaCampos)$ -test.count=1	f09d79b014abc432bd02d5ee8062286cbf9957d0a4e2df40f632624700526b4d	0	5	0	205	5	5	0	0	0	0	0	0	0	0	terminalidad o cambio durante dos T nunca entrega	GO
O14_RETIRADA	normal	testbin -test.run=^(TestTicketO3bFalloCierraUnaVezSinSegundaEmision|TestTicketO3bCierreFallidoNoSeReintenta)$ -test.count=1	f09d79b014abc432bd02d5ee8062286cbf9957d0a4e2df40f632624700526b4d	0	5	0	406	5	5	0	0	0	0	0	0	0	0	fallo post ticket no reemite y cierre no se reintenta	GO
O15_HANDOFF	normal	testbin -test.run=^(TestHandoffO3bNegativosNoTransfieren)$ -test.count=1	f09d79b014abc432bd02d5ee8062286cbf9957d0a4e2df40f632624700526b4d	0	5	0	405	5	5	0	0	0	0	0	0	0	0	agregado conjunto sin writer; negativos no transfieren y origen queda cerrado	GO
O16_O3C_CERRADO	normal	testbin -test.run=^(TestHandoffO3bNominalConjuntoYConsumido)$ -test.count=1	f09d79b014abc432bd02d5ee8062286cbf9957d0a4e2df40f632624700526b4d	0	5	0	205	5	5	0	0	0	0	0	0	0	0	cero CONT finCaso180 y TERMINAL; O3c sin efectos	GO
O17_BF	normal	testbin -test.run=^(TestBarreraO3bSinReferenciaFiableEsFatal|TestHandoffO3bParticionIrreversibleEsFatal|TestHandoffO3bLeasePerdidaEsFatalPorAPI)$ -test.count=1	f09d79b014abc432bd02d5ee8062286cbf9957d0a4e2df40f632624700526b4d	0	5	0	305	5	5	0	0	0	0	0	0	0	0	BF 65 sin retorno rollback cierre log ni E/S	GO
CAP_NORMAL_001	normal	testbin -test.run=^(TestHandoffO3bNominalConjuntoYConsumido)$ -test.count=1	f09d79b014abc432bd02d5ee8062286cbf9957d0a4e2df40f632624700526b4d	0	5	0	206	4	4	0	0	0	0	0	0	0	0	captura completa; inventario hijos zombis grupos temporales y FD sin delta	GO
CAP_NORMAL_002	normal	testbin -test.run=^(TestHandoffO3bNominalConjuntoYConsumido)$ -test.count=1	f09d79b014abc432bd02d5ee8062286cbf9957d0a4e2df40f632624700526b4d	0	5	0	207	4	4	0	0	0	0	0	0	0	0	captura completa; inventario hijos zombis grupos temporales y FD sin delta	GO
CAP_NORMAL_003	normal	testbin -test.run=^(TestHandoffO3bNominalConjuntoYConsumido)$ -test.count=1	f09d79b014abc432bd02d5ee8062286cbf9957d0a4e2df40f632624700526b4d	0	5	0	205	4	4	0	0	0	0	0	0	0	0	captura completa; inventario hijos zombis grupos temporales y FD sin delta	GO
CAP_NORMAL_004	normal	testbin -test.run=^(TestHandoffO3bNominalConjuntoYConsumido)$ -test.count=1	f09d79b014abc432bd02d5ee8062286cbf9957d0a4e2df40f632624700526b4d	0	5	0	205	4	4	0	0	0	0	0	0	0	0	captura completa; inventario hijos zombis grupos temporales y FD sin delta	GO
CAP_NORMAL_005	normal	testbin -test.run=^(TestHandoffO3bNominalConjuntoYConsumido)$ -test.count=1	f09d79b014abc432bd02d5ee8062286cbf9957d0a4e2df40f632624700526b4d	0	5	0	205	4	4	0	0	0	0	0	0	0	0	captura completa; inventario hijos zombis grupos temporales y FD sin delta	GO
CAP_NORMAL_006	normal	testbin -test.run=^(TestHandoffO3bNominalConjuntoYConsumido)$ -test.count=1	f09d79b014abc432bd02d5ee8062286cbf9957d0a4e2df40f632624700526b4d	0	5	0	206	4	4	0	0	0	0	0	0	0	0	captura completa; inventario hijos zombis grupos temporales y FD sin delta	GO
CAP_NORMAL_007	normal	testbin -test.run=^(TestHandoffO3bNominalConjuntoYConsumido)$ -test.count=1	f09d79b014abc432bd02d5ee8062286cbf9957d0a4e2df40f632624700526b4d	0	5	0	206	4	4	0	0	0	0	0	0	0	0	captura completa; inventario hijos zombis grupos temporales y FD sin delta	GO
CAP_NORMAL_008	normal	testbin -test.run=^(TestHandoffO3bNominalConjuntoYConsumido)$ -test.count=1	f09d79b014abc432bd02d5ee8062286cbf9957d0a4e2df40f632624700526b4d	0	5	0	206	4	4	0	0	0	0	0	0	0	0	captura completa; inventario hijos zombis grupos temporales y FD sin delta	GO
CAP_NORMAL_009	normal	testbin -test.run=^(TestHandoffO3bNominalConjuntoYConsumido)$ -test.count=1	f09d79b014abc432bd02d5ee8062286cbf9957d0a4e2df40f632624700526b4d	0	5	0	206	4	4	0	0	0	0	0	0	0	0	captura completa; inventario hijos zombis grupos temporales y FD sin delta	GO
CAP_NORMAL_010	normal	testbin -test.run=^(TestHandoffO3bNominalConjuntoYConsumido)$ -test.count=1	f09d79b014abc432bd02d5ee8062286cbf9957d0a4e2df40f632624700526b4d	0	5	0	205	4	4	0	0	0	0	0	0	0	0	captura completa; inventario hijos zombis grupos temporales y FD sin delta	GO
CAP_NORMAL_011	normal	testbin -test.run=^(TestHandoffO3bNominalConjuntoYConsumido)$ -test.count=1	f09d79b014abc432bd02d5ee8062286cbf9957d0a4e2df40f632624700526b4d	0	5	0	207	4	4	0	0	0	0	0	0	0	0	captura completa; inventario hijos zombis grupos temporales y FD sin delta	GO
CAP_NORMAL_012	normal	testbin -test.run=^(TestHandoffO3bNominalConjuntoYConsumido)$ -test.count=1	f09d79b014abc432bd02d5ee8062286cbf9957d0a4e2df40f632624700526b4d	0	5	0	205	4	4	0	0	0	0	0	0	0	0	captura completa; inventario hijos zombis grupos temporales y FD sin delta	GO
CAP_NORMAL_013	normal	testbin -test.run=^(TestHandoffO3bNominalConjuntoYConsumido)$ -test.count=1	f09d79b014abc432bd02d5ee8062286cbf9957d0a4e2df40f632624700526b4d	0	5	0	205	4	4	0	0	0	0	0	0	0	0	captura completa; inventario hijos zombis grupos temporales y FD sin delta	GO
CAP_NORMAL_014	normal	testbin -test.run=^(TestHandoffO3bNominalConjuntoYConsumido)$ -test.count=1	f09d79b014abc432bd02d5ee8062286cbf9957d0a4e2df40f632624700526b4d	0	5	0	206	4	4	0	0	0	0	0	0	0	0	captura completa; inventario hijos zombis grupos temporales y FD sin delta	GO
CAP_NORMAL_015	normal	testbin -test.run=^(TestHandoffO3bNominalConjuntoYConsumido)$ -test.count=1	f09d79b014abc432bd02d5ee8062286cbf9957d0a4e2df40f632624700526b4d	0	5	0	206	4	4	0	0	0	0	0	0	0	0	captura completa; inventario hijos zombis grupos temporales y FD sin delta	GO
CAP_NORMAL_016	normal	testbin -test.run=^(TestHandoffO3bNominalConjuntoYConsumido)$ -test.count=1	f09d79b014abc432bd02d5ee8062286cbf9957d0a4e2df40f632624700526b4d	0	5	0	205	4	4	0	0	0	0	0	0	0	0	captura completa; inventario hijos zombis grupos temporales y FD sin delta	GO
CAP_NORMAL_017	normal	testbin -test.run=^(TestHandoffO3bNominalConjuntoYConsumido)$ -test.count=1	f09d79b014abc432bd02d5ee8062286cbf9957d0a4e2df40f632624700526b4d	0	5	0	205	4	4	0	0	0	0	0	0	0	0	captura completa; inventario hijos zombis grupos temporales y FD sin delta	GO
CAP_NORMAL_018	normal	testbin -test.run=^(TestHandoffO3bNominalConjuntoYConsumido)$ -test.count=1	f09d79b014abc432bd02d5ee8062286cbf9957d0a4e2df40f632624700526b4d	0	5	0	206	4	4	0	0	0	0	0	0	0	0	captura completa; inventario hijos zombis grupos temporales y FD sin delta	GO
CAP_NORMAL_019	normal	testbin -test.run=^(TestHandoffO3bNominalConjuntoYConsumido)$ -test.count=1	f09d79b014abc432bd02d5ee8062286cbf9957d0a4e2df40f632624700526b4d	0	5	0	206	4	4	0	0	0	0	0	0	0	0	captura completa; inventario hijos zombis grupos temporales y FD sin delta	GO
CAP_NORMAL_020	normal	testbin -test.run=^(TestHandoffO3bNominalConjuntoYConsumido)$ -test.count=1	f09d79b014abc432bd02d5ee8062286cbf9957d0a4e2df40f632624700526b4d	0	5	0	206	4	4	0	0	0	0	0	0	0	0	captura completa; inventario hijos zombis grupos temporales y FD sin delta	GO
CAP_NORMAL_021	normal	testbin -test.run=^(TestHandoffO3bNominalConjuntoYConsumido)$ -test.count=1	f09d79b014abc432bd02d5ee8062286cbf9957d0a4e2df40f632624700526b4d	0	5	0	207	4	4	0	0	0	0	0	0	0	0	captura completa; inventario hijos zombis grupos temporales y FD sin delta	GO
CAP_NORMAL_022	normal	testbin -test.run=^(TestHandoffO3bNominalConjuntoYConsumido)$ -test.count=1	f09d79b014abc432bd02d5ee8062286cbf9957d0a4e2df40f632624700526b4d	0	5	0	207	4	4	0	0	0	0	0	0	0	0	captura completa; inventario hijos zombis grupos temporales y FD sin delta	GO
CAP_NORMAL_023	normal	testbin -test.run=^(TestHandoffO3bNominalConjuntoYConsumido)$ -test.count=1	f09d79b014abc432bd02d5ee8062286cbf9957d0a4e2df40f632624700526b4d	0	5	0	206	4	4	0	0	0	0	0	0	0	0	captura completa; inventario hijos zombis grupos temporales y FD sin delta	GO
CAP_NORMAL_024	normal	testbin -test.run=^(TestHandoffO3bNominalConjuntoYConsumido)$ -test.count=1	f09d79b014abc432bd02d5ee8062286cbf9957d0a4e2df40f632624700526b4d	0	5	0	206	4	4	0	0	0	0	0	0	0	0	captura completa; inventario hijos zombis grupos temporales y FD sin delta	GO
CAP_NORMAL_025	normal	testbin -test.run=^(TestHandoffO3bNominalConjuntoYConsumido)$ -test.count=1	f09d79b014abc432bd02d5ee8062286cbf9957d0a4e2df40f632624700526b4d	0	5	0	206	4	4	0	0	0	0	0	0	0	0	captura completa; inventario hijos zombis grupos temporales y FD sin delta	GO
CAP_NORMAL_026	normal	testbin -test.run=^(TestHandoffO3bNominalConjuntoYConsumido)$ -test.count=1	f09d79b014abc432bd02d5ee8062286cbf9957d0a4e2df40f632624700526b4d	0	5	0	205	4	4	0	0	0	0	0	0	0	0	captura completa; inventario hijos zombis grupos temporales y FD sin delta	GO
CAP_NORMAL_027	normal	testbin -test.run=^(TestHandoffO3bNominalConjuntoYConsumido)$ -test.count=1	f09d79b014abc432bd02d5ee8062286cbf9957d0a4e2df40f632624700526b4d	0	5	0	205	4	4	0	0	0	0	0	0	0	0	captura completa; inventario hijos zombis grupos temporales y FD sin delta	GO
CAP_NORMAL_028	normal	testbin -test.run=^(TestHandoffO3bNominalConjuntoYConsumido)$ -test.count=1	f09d79b014abc432bd02d5ee8062286cbf9957d0a4e2df40f632624700526b4d	0	5	0	206	4	4	0	0	0	0	0	0	0	0	captura completa; inventario hijos zombis grupos temporales y FD sin delta	GO
CAP_NORMAL_029	normal	testbin -test.run=^(TestHandoffO3bNominalConjuntoYConsumido)$ -test.count=1	f09d79b014abc432bd02d5ee8062286cbf9957d0a4e2df40f632624700526b4d	0	5	0	206	4	4	0	0	0	0	0	0	0	0	captura completa; inventario hijos zombis grupos temporales y FD sin delta	GO
CAP_NORMAL_030	normal	testbin -test.run=^(TestHandoffO3bNominalConjuntoYConsumido)$ -test.count=1	f09d79b014abc432bd02d5ee8062286cbf9957d0a4e2df40f632624700526b4d	0	5	0	205	4	4	0	0	0	0	0	0	0	0	captura completa; inventario hijos zombis grupos temporales y FD sin delta	GO
CAP_NORMAL_031	normal	testbin -test.run=^(TestHandoffO3bNominalConjuntoYConsumido)$ -test.count=1	f09d79b014abc432bd02d5ee8062286cbf9957d0a4e2df40f632624700526b4d	0	5	0	206	4	4	0	0	0	0	0	0	0	0	captura completa; inventario hijos zombis grupos temporales y FD sin delta	GO
CAP_NORMAL_032	normal	testbin -test.run=^(TestHandoffO3bNominalConjuntoYConsumido)$ -test.count=1	f09d79b014abc432bd02d5ee8062286cbf9957d0a4e2df40f632624700526b4d	0	5	0	210	4	4	0	0	0	0	0	0	0	0	captura completa; inventario hijos zombis grupos temporales y FD sin delta	GO
CAP_NORMAL_033	normal	testbin -test.run=^(TestHandoffO3bNominalConjuntoYConsumido)$ -test.count=1	f09d79b014abc432bd02d5ee8062286cbf9957d0a4e2df40f632624700526b4d	0	5	0	206	4	4	0	0	0	0	0	0	0	0	captura completa; inventario hijos zombis grupos temporales y FD sin delta	GO
CAP_NORMAL_034	normal	testbin -test.run=^(TestHandoffO3bNominalConjuntoYConsumido)$ -test.count=1	f09d79b014abc432bd02d5ee8062286cbf9957d0a4e2df40f632624700526b4d	0	5	0	204	4	4	0	0	0	0	0	0	0	0	captura completa; inventario hijos zombis grupos temporales y FD sin delta	GO
CAP_NORMAL_035	normal	testbin -test.run=^(TestHandoffO3bNominalConjuntoYConsumido)$ -test.count=1	f09d79b014abc432bd02d5ee8062286cbf9957d0a4e2df40f632624700526b4d	0	5	0	206	4	4	0	0	0	0	0	0	0	0	captura completa; inventario hijos zombis grupos temporales y FD sin delta	GO
CAP_NORMAL_036	normal	testbin -test.run=^(TestHandoffO3bNominalConjuntoYConsumido)$ -test.count=1	f09d79b014abc432bd02d5ee8062286cbf9957d0a4e2df40f632624700526b4d	0	5	0	205	4	4	0	0	0	0	0	0	0	0	captura completa; inventario hijos zombis grupos temporales y FD sin delta	GO
CAP_NORMAL_037	normal	testbin -test.run=^(TestHandoffO3bNominalConjuntoYConsumido)$ -test.count=1	f09d79b014abc432bd02d5ee8062286cbf9957d0a4e2df40f632624700526b4d	0	5	0	208	4	4	0	0	0	0	0	0	0	0	captura completa; inventario hijos zombis grupos temporales y FD sin delta	GO
CAP_NORMAL_038	normal	testbin -test.run=^(TestHandoffO3bNominalConjuntoYConsumido)$ -test.count=1	f09d79b014abc432bd02d5ee8062286cbf9957d0a4e2df40f632624700526b4d	0	5	0	206	4	4	0	0	0	0	0	0	0	0	captura completa; inventario hijos zombis grupos temporales y FD sin delta	GO
CAP_NORMAL_039	normal	testbin -test.run=^(TestHandoffO3bNominalConjuntoYConsumido)$ -test.count=1	f09d79b014abc432bd02d5ee8062286cbf9957d0a4e2df40f632624700526b4d	0	5	0	208	4	4	0	0	0	0	0	0	0	0	captura completa; inventario hijos zombis grupos temporales y FD sin delta	GO
CAP_NORMAL_040	normal	testbin -test.run=^(TestHandoffO3bNominalConjuntoYConsumido)$ -test.count=1	f09d79b014abc432bd02d5ee8062286cbf9957d0a4e2df40f632624700526b4d	0	5	0	206	4	4	0	0	0	0	0	0	0	0	captura completa; inventario hijos zombis grupos temporales y FD sin delta	GO
CAP_NORMAL_041	normal	testbin -test.run=^(TestHandoffO3bNominalConjuntoYConsumido)$ -test.count=1	f09d79b014abc432bd02d5ee8062286cbf9957d0a4e2df40f632624700526b4d	0	5	0	207	4	4	0	0	0	0	0	0	0	0	captura completa; inventario hijos zombis grupos temporales y FD sin delta	GO
CAP_NORMAL_042	normal	testbin -test.run=^(TestHandoffO3bNominalConjuntoYConsumido)$ -test.count=1	f09d79b014abc432bd02d5ee8062286cbf9957d0a4e2df40f632624700526b4d	0	5	0	206	4	4	0	0	0	0	0	0	0	0	captura completa; inventario hijos zombis grupos temporales y FD sin delta	GO
CAP_NORMAL_043	normal	testbin -test.run=^(TestHandoffO3bNominalConjuntoYConsumido)$ -test.count=1	f09d79b014abc432bd02d5ee8062286cbf9957d0a4e2df40f632624700526b4d	0	5	0	206	4	4	0	0	0	0	0	0	0	0	captura completa; inventario hijos zombis grupos temporales y FD sin delta	GO
CAP_NORMAL_044	normal	testbin -test.run=^(TestHandoffO3bNominalConjuntoYConsumido)$ -test.count=1	f09d79b014abc432bd02d5ee8062286cbf9957d0a4e2df40f632624700526b4d	0	5	0	206	4	4	0	0	0	0	0	0	0	0	captura completa; inventario hijos zombis grupos temporales y FD sin delta	GO
CAP_NORMAL_045	normal	testbin -test.run=^(TestHandoffO3bNominalConjuntoYConsumido)$ -test.count=1	f09d79b014abc432bd02d5ee8062286cbf9957d0a4e2df40f632624700526b4d	0	5	0	206	4	4	0	0	0	0	0	0	0	0	captura completa; inventario hijos zombis grupos temporales y FD sin delta	GO
CAP_NORMAL_046	normal	testbin -test.run=^(TestHandoffO3bNominalConjuntoYConsumido)$ -test.count=1	f09d79b014abc432bd02d5ee8062286cbf9957d0a4e2df40f632624700526b4d	0	5	0	206	4	4	0	0	0	0	0	0	0	0	captura completa; inventario hijos zombis grupos temporales y FD sin delta	GO
CAP_NORMAL_047	normal	testbin -test.run=^(TestHandoffO3bNominalConjuntoYConsumido)$ -test.count=1	f09d79b014abc432bd02d5ee8062286cbf9957d0a4e2df40f632624700526b4d	0	5	0	205	4	4	0	0	0	0	0	0	0	0	captura completa; inventario hijos zombis grupos temporales y FD sin delta	GO
CAP_NORMAL_048	normal	testbin -test.run=^(TestHandoffO3bNominalConjuntoYConsumido)$ -test.count=1	f09d79b014abc432bd02d5ee8062286cbf9957d0a4e2df40f632624700526b4d	0	5	0	205	4	4	0	0	0	0	0	0	0	0	captura completa; inventario hijos zombis grupos temporales y FD sin delta	GO
CAP_NORMAL_049	normal	testbin -test.run=^(TestHandoffO3bNominalConjuntoYConsumido)$ -test.count=1	f09d79b014abc432bd02d5ee8062286cbf9957d0a4e2df40f632624700526b4d	0	5	0	205	4	4	0	0	0	0	0	0	0	0	captura completa; inventario hijos zombis grupos temporales y FD sin delta	GO
CAP_NORMAL_050	normal	testbin -test.run=^(TestHandoffO3bNominalConjuntoYConsumido)$ -test.count=1	f09d79b014abc432bd02d5ee8062286cbf9957d0a4e2df40f632624700526b4d	0	5	0	205	4	4	0	0	0	0	0	0	0	0	captura completa; inventario hijos zombis grupos temporales y FD sin delta	GO
CAP_NORMAL_051	normal	testbin -test.run=^(TestHandoffO3bNominalConjuntoYConsumido)$ -test.count=1	f09d79b014abc432bd02d5ee8062286cbf9957d0a4e2df40f632624700526b4d	0	5	0	205	4	4	0	0	0	0	0	0	0	0	captura completa; inventario hijos zombis grupos temporales y FD sin delta	GO
CAP_NORMAL_052	normal	testbin -test.run=^(TestHandoffO3bNominalConjuntoYConsumido)$ -test.count=1	f09d79b014abc432bd02d5ee8062286cbf9957d0a4e2df40f632624700526b4d	0	5	0	208	4	4	0	0	0	0	0	0	0	0	captura completa; inventario hijos zombis grupos temporales y FD sin delta	GO
CAP_NORMAL_053	normal	testbin -test.run=^(TestHandoffO3bNominalConjuntoYConsumido)$ -test.count=1	f09d79b014abc432bd02d5ee8062286cbf9957d0a4e2df40f632624700526b4d	0	5	0	206	4	4	0	0	0	0	0	0	0	0	captura completa; inventario hijos zombis grupos temporales y FD sin delta	GO
CAP_NORMAL_054	normal	testbin -test.run=^(TestHandoffO3bNominalConjuntoYConsumido)$ -test.count=1	f09d79b014abc432bd02d5ee8062286cbf9957d0a4e2df40f632624700526b4d	0	5	0	206	4	4	0	0	0	0	0	0	0	0	captura completa; inventario hijos zombis grupos temporales y FD sin delta	GO
CAP_NORMAL_055	normal	testbin -test.run=^(TestHandoffO3bNominalConjuntoYConsumido)$ -test.count=1	f09d79b014abc432bd02d5ee8062286cbf9957d0a4e2df40f632624700526b4d	0	5	0	206	4	4	0	0	0	0	0	0	0	0	captura completa; inventario hijos zombis grupos temporales y FD sin delta	GO
CAP_NORMAL_056	normal	testbin -test.run=^(TestHandoffO3bNominalConjuntoYConsumido)$ -test.count=1	f09d79b014abc432bd02d5ee8062286cbf9957d0a4e2df40f632624700526b4d	0	5	0	206	4	4	0	0	0	0	0	0	0	0	captura completa; inventario hijos zombis grupos temporales y FD sin delta	GO
CAP_NORMAL_057	normal	testbin -test.run=^(TestHandoffO3bNominalConjuntoYConsumido)$ -test.count=1	f09d79b014abc432bd02d5ee8062286cbf9957d0a4e2df40f632624700526b4d	0	5	0	206	4	4	0	0	0	0	0	0	0	0	captura completa; inventario hijos zombis grupos temporales y FD sin delta	GO
CAP_NORMAL_058	normal	testbin -test.run=^(TestHandoffO3bNominalConjuntoYConsumido)$ -test.count=1	f09d79b014abc432bd02d5ee8062286cbf9957d0a4e2df40f632624700526b4d	0	5	0	208	4	4	0	0	0	0	0	0	0	0	captura completa; inventario hijos zombis grupos temporales y FD sin delta	GO
CAP_NORMAL_059	normal	testbin -test.run=^(TestHandoffO3bNominalConjuntoYConsumido)$ -test.count=1	f09d79b014abc432bd02d5ee8062286cbf9957d0a4e2df40f632624700526b4d	0	5	0	210	4	4	0	0	0	0	0	0	0	0	captura completa; inventario hijos zombis grupos temporales y FD sin delta	GO
CAP_NORMAL_060	normal	testbin -test.run=^(TestHandoffO3bNominalConjuntoYConsumido)$ -test.count=1	f09d79b014abc432bd02d5ee8062286cbf9957d0a4e2df40f632624700526b4d	0	5	0	208	4	4	0	0	0	0	0	0	0	0	captura completa; inventario hijos zombis grupos temporales y FD sin delta	GO
CAP_NORMAL_061	normal	testbin -test.run=^(TestHandoffO3bNominalConjuntoYConsumido)$ -test.count=1	f09d79b014abc432bd02d5ee8062286cbf9957d0a4e2df40f632624700526b4d	0	5	0	205	4	4	0	0	0	0	0	0	0	0	captura completa; inventario hijos zombis grupos temporales y FD sin delta	GO
CAP_NORMAL_062	normal	testbin -test.run=^(TestHandoffO3bNominalConjuntoYConsumido)$ -test.count=1	f09d79b014abc432bd02d5ee8062286cbf9957d0a4e2df40f632624700526b4d	0	5	0	205	4	4	0	0	0	0	0	0	0	0	captura completa; inventario hijos zombis grupos temporales y FD sin delta	GO
CAP_NORMAL_063	normal	testbin -test.run=^(TestHandoffO3bNominalConjuntoYConsumido)$ -test.count=1	f09d79b014abc432bd02d5ee8062286cbf9957d0a4e2df40f632624700526b4d	0	5	0	206	4	4	0	0	0	0	0	0	0	0	captura completa; inventario hijos zombis grupos temporales y FD sin delta	GO
CAP_NORMAL_064	normal	testbin -test.run=^(TestHandoffO3bNominalConjuntoYConsumido)$ -test.count=1	f09d79b014abc432bd02d5ee8062286cbf9957d0a4e2df40f632624700526b4d	0	5	0	204	4	4	0	0	0	0	0	0	0	0	captura completa; inventario hijos zombis grupos temporales y FD sin delta	GO
CAP_NORMAL_065	normal	testbin -test.run=^(TestHandoffO3bNominalConjuntoYConsumido)$ -test.count=1	f09d79b014abc432bd02d5ee8062286cbf9957d0a4e2df40f632624700526b4d	0	5	0	205	4	4	0	0	0	0	0	0	0	0	captura completa; inventario hijos zombis grupos temporales y FD sin delta	GO
CAP_NORMAL_066	normal	testbin -test.run=^(TestHandoffO3bNominalConjuntoYConsumido)$ -test.count=1	f09d79b014abc432bd02d5ee8062286cbf9957d0a4e2df40f632624700526b4d	0	5	0	205	4	4	0	0	0	0	0	0	0	0	captura completa; inventario hijos zombis grupos temporales y FD sin delta	GO
CAP_NORMAL_067	normal	testbin -test.run=^(TestHandoffO3bNominalConjuntoYConsumido)$ -test.count=1	f09d79b014abc432bd02d5ee8062286cbf9957d0a4e2df40f632624700526b4d	0	5	0	205	4	4	0	0	0	0	0	0	0	0	captura completa; inventario hijos zombis grupos temporales y FD sin delta	GO
CAP_NORMAL_068	normal	testbin -test.run=^(TestHandoffO3bNominalConjuntoYConsumido)$ -test.count=1	f09d79b014abc432bd02d5ee8062286cbf9957d0a4e2df40f632624700526b4d	0	5	0	205	4	4	0	0	0	0	0	0	0	0	captura completa; inventario hijos zombis grupos temporales y FD sin delta	GO
CAP_NORMAL_069	normal	testbin -test.run=^(TestHandoffO3bNominalConjuntoYConsumido)$ -test.count=1	f09d79b014abc432bd02d5ee8062286cbf9957d0a4e2df40f632624700526b4d	0	5	0	205	4	4	0	0	0	0	0	0	0	0	captura completa; inventario hijos zombis grupos temporales y FD sin delta	GO
CAP_NORMAL_070	normal	testbin -test.run=^(TestHandoffO3bNominalConjuntoYConsumido)$ -test.count=1	f09d79b014abc432bd02d5ee8062286cbf9957d0a4e2df40f632624700526b4d	0	5	0	204	4	4	0	0	0	0	0	0	0	0	captura completa; inventario hijos zombis grupos temporales y FD sin delta	GO
CAP_NORMAL_071	normal	testbin -test.run=^(TestHandoffO3bNominalConjuntoYConsumido)$ -test.count=1	f09d79b014abc432bd02d5ee8062286cbf9957d0a4e2df40f632624700526b4d	0	5	0	205	4	4	0	0	0	0	0	0	0	0	captura completa; inventario hijos zombis grupos temporales y FD sin delta	GO
CAP_NORMAL_072	normal	testbin -test.run=^(TestHandoffO3bNominalConjuntoYConsumido)$ -test.count=1	f09d79b014abc432bd02d5ee8062286cbf9957d0a4e2df40f632624700526b4d	0	5	0	206	4	4	0	0	0	0	0	0	0	0	captura completa; inventario hijos zombis grupos temporales y FD sin delta	GO
CAP_NORMAL_073	normal	testbin -test.run=^(TestHandoffO3bNominalConjuntoYConsumido)$ -test.count=1	f09d79b014abc432bd02d5ee8062286cbf9957d0a4e2df40f632624700526b4d	0	5	0	205	4	4	0	0	0	0	0	0	0	0	captura completa; inventario hijos zombis grupos temporales y FD sin delta	GO
CAP_NORMAL_074	normal	testbin -test.run=^(TestHandoffO3bNominalConjuntoYConsumido)$ -test.count=1	f09d79b014abc432bd02d5ee8062286cbf9957d0a4e2df40f632624700526b4d	0	5	0	207	4	4	0	0	0	0	0	0	0	0	captura completa; inventario hijos zombis grupos temporales y FD sin delta	GO
CAP_NORMAL_075	normal	testbin -test.run=^(TestHandoffO3bNominalConjuntoYConsumido)$ -test.count=1	f09d79b014abc432bd02d5ee8062286cbf9957d0a4e2df40f632624700526b4d	0	5	0	208	4	4	0	0	0	0	0	0	0	0	captura completa; inventario hijos zombis grupos temporales y FD sin delta	GO
CAP_NORMAL_076	normal	testbin -test.run=^(TestHandoffO3bNominalConjuntoYConsumido)$ -test.count=1	f09d79b014abc432bd02d5ee8062286cbf9957d0a4e2df40f632624700526b4d	0	5	0	205	4	4	0	0	0	0	0	0	0	0	captura completa; inventario hijos zombis grupos temporales y FD sin delta	GO
CAP_NORMAL_077	normal	testbin -test.run=^(TestHandoffO3bNominalConjuntoYConsumido)$ -test.count=1	f09d79b014abc432bd02d5ee8062286cbf9957d0a4e2df40f632624700526b4d	0	5	0	207	4	4	0	0	0	0	0	0	0	0	captura completa; inventario hijos zombis grupos temporales y FD sin delta	GO
CAP_NORMAL_078	normal	testbin -test.run=^(TestHandoffO3bNominalConjuntoYConsumido)$ -test.count=1	f09d79b014abc432bd02d5ee8062286cbf9957d0a4e2df40f632624700526b4d	0	5	0	206	4	4	0	0	0	0	0	0	0	0	captura completa; inventario hijos zombis grupos temporales y FD sin delta	GO
CAP_NORMAL_079	normal	testbin -test.run=^(TestHandoffO3bNominalConjuntoYConsumido)$ -test.count=1	f09d79b014abc432bd02d5ee8062286cbf9957d0a4e2df40f632624700526b4d	0	5	0	207	4	4	0	0	0	0	0	0	0	0	captura completa; inventario hijos zombis grupos temporales y FD sin delta	GO
CAP_NORMAL_080	normal	testbin -test.run=^(TestHandoffO3bNominalConjuntoYConsumido)$ -test.count=1	f09d79b014abc432bd02d5ee8062286cbf9957d0a4e2df40f632624700526b4d	0	5	0	205	4	4	0	0	0	0	0	0	0	0	captura completa; inventario hijos zombis grupos temporales y FD sin delta	GO
CAP_NORMAL_081	normal	testbin -test.run=^(TestHandoffO3bNominalConjuntoYConsumido)$ -test.count=1	f09d79b014abc432bd02d5ee8062286cbf9957d0a4e2df40f632624700526b4d	0	5	0	208	4	4	0	0	0	0	0	0	0	0	captura completa; inventario hijos zombis grupos temporales y FD sin delta	GO
CAP_NORMAL_082	normal	testbin -test.run=^(TestHandoffO3bNominalConjuntoYConsumido)$ -test.count=1	f09d79b014abc432bd02d5ee8062286cbf9957d0a4e2df40f632624700526b4d	0	5	0	208	4	4	0	0	0	0	0	0	0	0	captura completa; inventario hijos zombis grupos temporales y FD sin delta	GO
CAP_NORMAL_083	normal	testbin -test.run=^(TestHandoffO3bNominalConjuntoYConsumido)$ -test.count=1	f09d79b014abc432bd02d5ee8062286cbf9957d0a4e2df40f632624700526b4d	0	5	0	205	4	4	0	0	0	0	0	0	0	0	captura completa; inventario hijos zombis grupos temporales y FD sin delta	GO
CAP_NORMAL_084	normal	testbin -test.run=^(TestHandoffO3bNominalConjuntoYConsumido)$ -test.count=1	f09d79b014abc432bd02d5ee8062286cbf9957d0a4e2df40f632624700526b4d	0	5	0	206	4	4	0	0	0	0	0	0	0	0	captura completa; inventario hijos zombis grupos temporales y FD sin delta	GO
CAP_NORMAL_085	normal	testbin -test.run=^(TestHandoffO3bNominalConjuntoYConsumido)$ -test.count=1	f09d79b014abc432bd02d5ee8062286cbf9957d0a4e2df40f632624700526b4d	0	5	0	207	4	4	0	0	0	0	0	0	0	0	captura completa; inventario hijos zombis grupos temporales y FD sin delta	GO
CAP_NORMAL_086	normal	testbin -test.run=^(TestHandoffO3bNominalConjuntoYConsumido)$ -test.count=1	f09d79b014abc432bd02d5ee8062286cbf9957d0a4e2df40f632624700526b4d	0	5	0	205	4	4	0	0	0	0	0	0	0	0	captura completa; inventario hijos zombis grupos temporales y FD sin delta	GO
CAP_NORMAL_087	normal	testbin -test.run=^(TestHandoffO3bNominalConjuntoYConsumido)$ -test.count=1	f09d79b014abc432bd02d5ee8062286cbf9957d0a4e2df40f632624700526b4d	0	5	0	206	4	4	0	0	0	0	0	0	0	0	captura completa; inventario hijos zombis grupos temporales y FD sin delta	GO
CAP_NORMAL_088	normal	testbin -test.run=^(TestHandoffO3bNominalConjuntoYConsumido)$ -test.count=1	f09d79b014abc432bd02d5ee8062286cbf9957d0a4e2df40f632624700526b4d	0	5	0	206	4	4	0	0	0	0	0	0	0	0	captura completa; inventario hijos zombis grupos temporales y FD sin delta	GO
CAP_NORMAL_089	normal	testbin -test.run=^(TestHandoffO3bNominalConjuntoYConsumido)$ -test.count=1	f09d79b014abc432bd02d5ee8062286cbf9957d0a4e2df40f632624700526b4d	0	5	0	206	4	4	0	0	0	0	0	0	0	0	captura completa; inventario hijos zombis grupos temporales y FD sin delta	GO
CAP_NORMAL_090	normal	testbin -test.run=^(TestHandoffO3bNominalConjuntoYConsumido)$ -test.count=1	f09d79b014abc432bd02d5ee8062286cbf9957d0a4e2df40f632624700526b4d	0	5	0	207	4	4	0	0	0	0	0	0	0	0	captura completa; inventario hijos zombis grupos temporales y FD sin delta	GO
CAP_NORMAL_091	normal	testbin -test.run=^(TestHandoffO3bNominalConjuntoYConsumido)$ -test.count=1	f09d79b014abc432bd02d5ee8062286cbf9957d0a4e2df40f632624700526b4d	0	5	0	207	4	4	0	0	0	0	0	0	0	0	captura completa; inventario hijos zombis grupos temporales y FD sin delta	GO
CAP_NORMAL_092	normal	testbin -test.run=^(TestHandoffO3bNominalConjuntoYConsumido)$ -test.count=1	f09d79b014abc432bd02d5ee8062286cbf9957d0a4e2df40f632624700526b4d	0	5	0	205	4	4	0	0	0	0	0	0	0	0	captura completa; inventario hijos zombis grupos temporales y FD sin delta	GO
CAP_NORMAL_093	normal	testbin -test.run=^(TestHandoffO3bNominalConjuntoYConsumido)$ -test.count=1	f09d79b014abc432bd02d5ee8062286cbf9957d0a4e2df40f632624700526b4d	0	5	0	205	4	4	0	0	0	0	0	0	0	0	captura completa; inventario hijos zombis grupos temporales y FD sin delta	GO
CAP_NORMAL_094	normal	testbin -test.run=^(TestHandoffO3bNominalConjuntoYConsumido)$ -test.count=1	f09d79b014abc432bd02d5ee8062286cbf9957d0a4e2df40f632624700526b4d	0	5	0	207	4	4	0	0	0	0	0	0	0	0	captura completa; inventario hijos zombis grupos temporales y FD sin delta	GO
CAP_NORMAL_095	normal	testbin -test.run=^(TestHandoffO3bNominalConjuntoYConsumido)$ -test.count=1	f09d79b014abc432bd02d5ee8062286cbf9957d0a4e2df40f632624700526b4d	0	5	0	207	4	4	0	0	0	0	0	0	0	0	captura completa; inventario hijos zombis grupos temporales y FD sin delta	GO
CAP_NORMAL_096	normal	testbin -test.run=^(TestHandoffO3bNominalConjuntoYConsumido)$ -test.count=1	f09d79b014abc432bd02d5ee8062286cbf9957d0a4e2df40f632624700526b4d	0	5	0	206	4	4	0	0	0	0	0	0	0	0	captura completa; inventario hijos zombis grupos temporales y FD sin delta	GO
CAP_NORMAL_097	normal	testbin -test.run=^(TestHandoffO3bNominalConjuntoYConsumido)$ -test.count=1	f09d79b014abc432bd02d5ee8062286cbf9957d0a4e2df40f632624700526b4d	0	5	0	205	4	4	0	0	0	0	0	0	0	0	captura completa; inventario hijos zombis grupos temporales y FD sin delta	GO
CAP_NORMAL_098	normal	testbin -test.run=^(TestHandoffO3bNominalConjuntoYConsumido)$ -test.count=1	f09d79b014abc432bd02d5ee8062286cbf9957d0a4e2df40f632624700526b4d	0	5	0	209	4	4	0	0	0	0	0	0	0	0	captura completa; inventario hijos zombis grupos temporales y FD sin delta	GO
CAP_NORMAL_099	normal	testbin -test.run=^(TestHandoffO3bNominalConjuntoYConsumido)$ -test.count=1	f09d79b014abc432bd02d5ee8062286cbf9957d0a4e2df40f632624700526b4d	0	5	0	207	4	4	0	0	0	0	0	0	0	0	captura completa; inventario hijos zombis grupos temporales y FD sin delta	GO
CAP_NORMAL_100	normal	testbin -test.run=^(TestHandoffO3bNominalConjuntoYConsumido)$ -test.count=1	f09d79b014abc432bd02d5ee8062286cbf9957d0a4e2df40f632624700526b4d	0	5	0	210	4	4	0	0	0	0	0	0	0	0	captura completa; inventario hijos zombis grupos temporales y FD sin delta	GO
O01_ENTRADA_LINEAL	race	testbin -test.run=^(TestConsumirAutoridadO3bNominalYAlias|TestConsumirAutoridadO3bRechazaEntradaYAutoridad)$ -test.count=1	f09d79b014abc432bd02d5ee8062286cbf9957d0a4e2df40f632624700526b4d	0	5	0	1109	5	5	0	0	0	0	0	0	0	0	entrada A6 consumida una vez; nulo alias clon reuso cerrados	GO
O02_CONTADOR	race	testbin -test.run=^(TestBarreraO3bRelecturaFinalDetectaSenal|TestHandoffO3bNegativosNoTransfieren)$ -test.count=1	f09d79b014abc432bd02d5ee8062286cbf9957d0a4e2df40f632624700526b4d	0	5	0	4514	5	5	0	0	0	0	0	0	0	0	baseline signo registro TID y cambio final retiran	GO
O03_CONTROL	race	testbin -test.run=^(TestBarreraO3bLimitesControl|TestBarreraO3bControlCerrado|TestBarreraO3bErrorLecturaRetira)$ -test.count=1	f09d79b014abc432bd02d5ee8062286cbf9957d0a4e2df40f632624700526b4d	0	5	0	1108	5	5	0	0	0	0	0	0	0	0	CANCELAR EOF parcial framing presupuesto EINTR y error antes de ticket	GO
O04_BOOTSTRAP	race	testbin -test.run=^(TestBarreraO3bBordeBootstrap|TestHandoffO3bNegativosNoTransfieren)$ -test.count=1	f09d79b014abc432bd02d5ee8062286cbf9957d0a4e2df40f632624700526b4d	0	5	0	4412	5	5	0	0	0	0	0	0	0	0	borde un segundo y entrega con tiempo positivo sin reinicio	GO
O05_PIDFD	race	testbin -test.run=^(TestBarreraO3bSinReferenciaFiableEsFatal|TestBarreraO3bRechazaCuartaReferenciaYRecursosCorruptos)$ -test.count=1	f09d79b014abc432bd02d5ee8062286cbf9957d0a4e2df40f632624700526b4d	0	5	0	1106	5	5	0	0	0	0	0	0	0	0	res referencias exactas; una perdida retira y ambas fatalizan	GO
O06_SIN_DUP	race	testbin -test.run=^(TestBarreraO3bNoDuplicaPidfd)$ -test.count=1	f09d79b014abc432bd02d5ee8062286cbf9957d0a4e2df40f632624700526b4d	0	5	0	1106	5	5	0	0	0	0	0	0	0	0	cero F_DUPFD pidfd_open u os.NewFile pidfd	GO
O07_TRAMA	race	testbin -test.run=^(TestTicketO3bByteExactoYUsoUnico|TestTicketO3bPreparacionCerrada)$ -test.count=1	f09d79b014abc432bd02d5ee8062286cbf9957d0a4e2df40f632624700526b4d	0	5	0	2008	5	5	0	0	0	0	0	0	0	0	PID_SUPERVISOR ticket LF byte exacto y escritor unico	GO
O08_PARCIALES	race	testbin -test.run=^(TestTicketO3bEscrituraParcialYEINTRAcotado|TestTicketO3bFalloCierraUnaVezSinSegundaEmision|TestTicketO3bCierreFallidoNoSeReintenta)$ -test.count=1	f09d79b014abc432bd02d5ee8062286cbf9957d0a4e2df40f632624700526b4d	0	5	0	1407	5	5	0	0	0	0	0	0	0	0	parciales EINTR cero EPIPE y cierre convergen sin segunda emision	GO
O09_AUTO_STOP	race	testbin -test.run=^(TestStopO3bAutoStopRealSinSenalGo|TestStopO3bMuestrasYPlazo)$ -test.count=1	f09d79b014abc432bd02d5ee8062286cbf9957d0a4e2df40f632624700526b4d	0	5	0	2209	5	5	0	0	0	0	0	0	0	0	T estable posterior al cierre sin STOP emitido por Go	GO
O10_PROC_STAT	race	testbin -test.run=^(TestParsearStatO3bAcotadoYAdversarial|TestIdentidadO3bRechazaCampos)$ -test.count=1	f09d79b014abc432bd02d5ee8062286cbf9957d0a4e2df40f632624700526b4d	0	5	0	1108	5	5	0	0	0	0	0	0	0	0	comm adversarial limite 4096 cardinalidad signo cero overflow y campos exactos	GO
O11_SONDA_GRUPO	race	testbin -test.run=^(TestStopO3bNegativosCeroTicket)$ -test.count=1	f09d79b014abc432bd02d5ee8062286cbf9957d0a4e2df40f632624700526b4d	0	5	0	2211	5	5	0	0	0	0	0	0	0	0	pidfd señal cero con flag de grupo y errores cerrados	GO
O12_PRECEDENCIAS	race	testbin -test.run=^(TestBarreraO3bPrecedenciasYNegativos|TestBarreraO3bRelecturaFinalDetectaControl)$ -test.count=1	f09d79b014abc432bd02d5ee8062286cbf9957d0a4e2df40f632624700526b4d	0	5	0	1109	5	5	0	0	0	0	0	0	0	0	CONTROL señal bootstrap pidfd STOP identidad inventario en orden total	GO
O13_TERMINALIDAD	race	testbin -test.run=^(TestIdentidadO3bExactaReal|TestIdentidadO3bRechazaCampos)$ -test.count=1	f09d79b014abc432bd02d5ee8062286cbf9957d0a4e2df40f632624700526b4d	0	5	0	2209	5	5	0	0	0	0	0	0	0	0	terminalidad o cambio durante dos T nunca entrega	GO
O14_RETIRADA	race	testbin -test.run=^(TestTicketO3bFalloCierraUnaVezSinSegundaEmision|TestTicketO3bCierreFallidoNoSeReintenta)$ -test.count=1	f09d79b014abc432bd02d5ee8062286cbf9957d0a4e2df40f632624700526b4d	0	5	0	1408	5	5	0	0	0	0	0	0	0	0	fallo post ticket no reemite y cierre no se reintenta	GO
O15_HANDOFF	race	testbin -test.run=^(TestHandoffO3bNegativosNoTransfieren)$ -test.count=1	f09d79b014abc432bd02d5ee8062286cbf9957d0a4e2df40f632624700526b4d	0	5	0	4412	5	5	0	0	0	0	0	0	0	0	agregado conjunto sin writer; negativos no transfieren y origen queda cerrado	GO
O16_O3C_CERRADO	race	testbin -test.run=^(TestHandoffO3bNominalConjuntoYConsumido)$ -test.count=1	f09d79b014abc432bd02d5ee8062286cbf9957d0a4e2df40f632624700526b4d	0	5	0	2208	5	5	0	0	0	0	0	0	0	0	cero CONT finCaso180 y TERMINAL; O3c sin efectos	GO
O17_BF	race	testbin -test.run=^(TestBarreraO3bSinReferenciaFiableEsFatal|TestHandoffO3bParticionIrreversibleEsFatal|TestHandoffO3bLeasePerdidaEsFatalPorAPI)$ -test.count=1	f09d79b014abc432bd02d5ee8062286cbf9957d0a4e2df40f632624700526b4d	0	5	0	1306	5	5	0	0	0	0	0	0	0	0	BF 65 sin retorno rollback cierre log ni E/S	GO
CAP_RACE_001	race	testbin -test.run=^(TestHandoffO3bNominalConjuntoYConsumido)$ -test.count=1	f09d79b014abc432bd02d5ee8062286cbf9957d0a4e2df40f632624700526b4d	0	5	0	2208	4	4	0	0	0	0	0	0	0	0	captura completa; inventario hijos zombis grupos temporales y FD sin delta	GO
CAP_RACE_002	race	testbin -test.run=^(TestHandoffO3bNominalConjuntoYConsumido)$ -test.count=1	f09d79b014abc432bd02d5ee8062286cbf9957d0a4e2df40f632624700526b4d	0	5	0	2209	4	4	0	0	0	0	0	0	0	0	captura completa; inventario hijos zombis grupos temporales y FD sin delta	GO
CAP_RACE_003	race	testbin -test.run=^(TestHandoffO3bNominalConjuntoYConsumido)$ -test.count=1	f09d79b014abc432bd02d5ee8062286cbf9957d0a4e2df40f632624700526b4d	0	5	0	2210	4	4	0	0	0	0	0	0	0	0	captura completa; inventario hijos zombis grupos temporales y FD sin delta	GO
CAP_RACE_004	race	testbin -test.run=^(TestHandoffO3bNominalConjuntoYConsumido)$ -test.count=1	f09d79b014abc432bd02d5ee8062286cbf9957d0a4e2df40f632624700526b4d	0	5	0	2209	4	4	0	0	0	0	0	0	0	0	captura completa; inventario hijos zombis grupos temporales y FD sin delta	GO
CAP_RACE_005	race	testbin -test.run=^(TestHandoffO3bNominalConjuntoYConsumido)$ -test.count=1	f09d79b014abc432bd02d5ee8062286cbf9957d0a4e2df40f632624700526b4d	0	5	0	2209	4	4	0	0	0	0	0	0	0	0	captura completa; inventario hijos zombis grupos temporales y FD sin delta	GO
CAP_RACE_006	race	testbin -test.run=^(TestHandoffO3bNominalConjuntoYConsumido)$ -test.count=1	f09d79b014abc432bd02d5ee8062286cbf9957d0a4e2df40f632624700526b4d	0	5	0	2208	4	4	0	0	0	0	0	0	0	0	captura completa; inventario hijos zombis grupos temporales y FD sin delta	GO
CAP_RACE_007	race	testbin -test.run=^(TestHandoffO3bNominalConjuntoYConsumido)$ -test.count=1	f09d79b014abc432bd02d5ee8062286cbf9957d0a4e2df40f632624700526b4d	0	5	0	2210	4	4	0	0	0	0	0	0	0	0	captura completa; inventario hijos zombis grupos temporales y FD sin delta	GO
CAP_RACE_008	race	testbin -test.run=^(TestHandoffO3bNominalConjuntoYConsumido)$ -test.count=1	f09d79b014abc432bd02d5ee8062286cbf9957d0a4e2df40f632624700526b4d	0	5	0	2208	4	4	0	0	0	0	0	0	0	0	captura completa; inventario hijos zombis grupos temporales y FD sin delta	GO
CAP_RACE_009	race	testbin -test.run=^(TestHandoffO3bNominalConjuntoYConsumido)$ -test.count=1	f09d79b014abc432bd02d5ee8062286cbf9957d0a4e2df40f632624700526b4d	0	5	0	2210	4	4	0	0	0	0	0	0	0	0	captura completa; inventario hijos zombis grupos temporales y FD sin delta	GO
CAP_RACE_010	race	testbin -test.run=^(TestHandoffO3bNominalConjuntoYConsumido)$ -test.count=1	f09d79b014abc432bd02d5ee8062286cbf9957d0a4e2df40f632624700526b4d	0	5	0	2211	4	4	0	0	0	0	0	0	0	0	captura completa; inventario hijos zombis grupos temporales y FD sin delta	GO
CAP_RACE_011	race	testbin -test.run=^(TestHandoffO3bNominalConjuntoYConsumido)$ -test.count=1	f09d79b014abc432bd02d5ee8062286cbf9957d0a4e2df40f632624700526b4d	0	5	0	2218	4	4	0	0	0	0	0	0	0	0	captura completa; inventario hijos zombis grupos temporales y FD sin delta	GO
CAP_RACE_012	race	testbin -test.run=^(TestHandoffO3bNominalConjuntoYConsumido)$ -test.count=1	f09d79b014abc432bd02d5ee8062286cbf9957d0a4e2df40f632624700526b4d	0	5	0	2251	4	4	0	0	0	0	0	0	0	0	captura completa; inventario hijos zombis grupos temporales y FD sin delta	GO
CAP_RACE_013	race	testbin -test.run=^(TestHandoffO3bNominalConjuntoYConsumido)$ -test.count=1	f09d79b014abc432bd02d5ee8062286cbf9957d0a4e2df40f632624700526b4d	0	5	0	2216	4	4	0	0	0	0	0	0	0	0	captura completa; inventario hijos zombis grupos temporales y FD sin delta	GO
CAP_RACE_014	race	testbin -test.run=^(TestHandoffO3bNominalConjuntoYConsumido)$ -test.count=1	f09d79b014abc432bd02d5ee8062286cbf9957d0a4e2df40f632624700526b4d	0	5	0	2210	4	4	0	0	0	0	0	0	0	0	captura completa; inventario hijos zombis grupos temporales y FD sin delta	GO
CAP_RACE_015	race	testbin -test.run=^(TestHandoffO3bNominalConjuntoYConsumido)$ -test.count=1	f09d79b014abc432bd02d5ee8062286cbf9957d0a4e2df40f632624700526b4d	0	5	0	2209	4	4	0	0	0	0	0	0	0	0	captura completa; inventario hijos zombis grupos temporales y FD sin delta	GO
CAP_RACE_016	race	testbin -test.run=^(TestHandoffO3bNominalConjuntoYConsumido)$ -test.count=1	f09d79b014abc432bd02d5ee8062286cbf9957d0a4e2df40f632624700526b4d	0	5	0	2209	4	4	0	0	0	0	0	0	0	0	captura completa; inventario hijos zombis grupos temporales y FD sin delta	GO
CAP_RACE_017	race	testbin -test.run=^(TestHandoffO3bNominalConjuntoYConsumido)$ -test.count=1	f09d79b014abc432bd02d5ee8062286cbf9957d0a4e2df40f632624700526b4d	0	5	0	2211	4	4	0	0	0	0	0	0	0	0	captura completa; inventario hijos zombis grupos temporales y FD sin delta	GO
CAP_RACE_018	race	testbin -test.run=^(TestHandoffO3bNominalConjuntoYConsumido)$ -test.count=1	f09d79b014abc432bd02d5ee8062286cbf9957d0a4e2df40f632624700526b4d	0	5	0	2211	4	4	0	0	0	0	0	0	0	0	captura completa; inventario hijos zombis grupos temporales y FD sin delta	GO
CAP_RACE_019	race	testbin -test.run=^(TestHandoffO3bNominalConjuntoYConsumido)$ -test.count=1	f09d79b014abc432bd02d5ee8062286cbf9957d0a4e2df40f632624700526b4d	0	5	0	2211	4	4	0	0	0	0	0	0	0	0	captura completa; inventario hijos zombis grupos temporales y FD sin delta	GO
CAP_RACE_020	race	testbin -test.run=^(TestHandoffO3bNominalConjuntoYConsumido)$ -test.count=1	f09d79b014abc432bd02d5ee8062286cbf9957d0a4e2df40f632624700526b4d	0	5	0	2209	4	4	0	0	0	0	0	0	0	0	captura completa; inventario hijos zombis grupos temporales y FD sin delta	GO
CAP_RACE_021	race	testbin -test.run=^(TestHandoffO3bNominalConjuntoYConsumido)$ -test.count=1	f09d79b014abc432bd02d5ee8062286cbf9957d0a4e2df40f632624700526b4d	0	5	0	2209	4	4	0	0	0	0	0	0	0	0	captura completa; inventario hijos zombis grupos temporales y FD sin delta	GO
CAP_RACE_022	race	testbin -test.run=^(TestHandoffO3bNominalConjuntoYConsumido)$ -test.count=1	f09d79b014abc432bd02d5ee8062286cbf9957d0a4e2df40f632624700526b4d	0	5	0	2211	4	4	0	0	0	0	0	0	0	0	captura completa; inventario hijos zombis grupos temporales y FD sin delta	GO
CAP_RACE_023	race	testbin -test.run=^(TestHandoffO3bNominalConjuntoYConsumido)$ -test.count=1	f09d79b014abc432bd02d5ee8062286cbf9957d0a4e2df40f632624700526b4d	0	5	0	2209	4	4	0	0	0	0	0	0	0	0	captura completa; inventario hijos zombis grupos temporales y FD sin delta	GO
CAP_RACE_024	race	testbin -test.run=^(TestHandoffO3bNominalConjuntoYConsumido)$ -test.count=1	f09d79b014abc432bd02d5ee8062286cbf9957d0a4e2df40f632624700526b4d	0	5	0	2210	4	4	0	0	0	0	0	0	0	0	captura completa; inventario hijos zombis grupos temporales y FD sin delta	GO
CAP_RACE_025	race	testbin -test.run=^(TestHandoffO3bNominalConjuntoYConsumido)$ -test.count=1	f09d79b014abc432bd02d5ee8062286cbf9957d0a4e2df40f632624700526b4d	0	5	0	2208	4	4	0	0	0	0	0	0	0	0	captura completa; inventario hijos zombis grupos temporales y FD sin delta	GO
CAP_RACE_026	race	testbin -test.run=^(TestHandoffO3bNominalConjuntoYConsumido)$ -test.count=1	f09d79b014abc432bd02d5ee8062286cbf9957d0a4e2df40f632624700526b4d	0	5	0	2209	4	4	0	0	0	0	0	0	0	0	captura completa; inventario hijos zombis grupos temporales y FD sin delta	GO
CAP_RACE_027	race	testbin -test.run=^(TestHandoffO3bNominalConjuntoYConsumido)$ -test.count=1	f09d79b014abc432bd02d5ee8062286cbf9957d0a4e2df40f632624700526b4d	0	5	0	2210	4	4	0	0	0	0	0	0	0	0	captura completa; inventario hijos zombis grupos temporales y FD sin delta	GO
CAP_RACE_028	race	testbin -test.run=^(TestHandoffO3bNominalConjuntoYConsumido)$ -test.count=1	f09d79b014abc432bd02d5ee8062286cbf9957d0a4e2df40f632624700526b4d	0	5	0	2209	4	4	0	0	0	0	0	0	0	0	captura completa; inventario hijos zombis grupos temporales y FD sin delta	GO
CAP_RACE_029	race	testbin -test.run=^(TestHandoffO3bNominalConjuntoYConsumido)$ -test.count=1	f09d79b014abc432bd02d5ee8062286cbf9957d0a4e2df40f632624700526b4d	0	5	0	2208	4	4	0	0	0	0	0	0	0	0	captura completa; inventario hijos zombis grupos temporales y FD sin delta	GO
CAP_RACE_030	race	testbin -test.run=^(TestHandoffO3bNominalConjuntoYConsumido)$ -test.count=1	f09d79b014abc432bd02d5ee8062286cbf9957d0a4e2df40f632624700526b4d	0	5	0	2208	4	4	0	0	0	0	0	0	0	0	captura completa; inventario hijos zombis grupos temporales y FD sin delta	GO
CAP_RACE_031	race	testbin -test.run=^(TestHandoffO3bNominalConjuntoYConsumido)$ -test.count=1	f09d79b014abc432bd02d5ee8062286cbf9957d0a4e2df40f632624700526b4d	0	5	0	2208	4	4	0	0	0	0	0	0	0	0	captura completa; inventario hijos zombis grupos temporales y FD sin delta	GO
CAP_RACE_032	race	testbin -test.run=^(TestHandoffO3bNominalConjuntoYConsumido)$ -test.count=1	f09d79b014abc432bd02d5ee8062286cbf9957d0a4e2df40f632624700526b4d	0	5	0	2209	4	4	0	0	0	0	0	0	0	0	captura completa; inventario hijos zombis grupos temporales y FD sin delta	GO
CAP_RACE_033	race	testbin -test.run=^(TestHandoffO3bNominalConjuntoYConsumido)$ -test.count=1	f09d79b014abc432bd02d5ee8062286cbf9957d0a4e2df40f632624700526b4d	0	5	0	2210	4	4	0	0	0	0	0	0	0	0	captura completa; inventario hijos zombis grupos temporales y FD sin delta	GO
CAP_RACE_034	race	testbin -test.run=^(TestHandoffO3bNominalConjuntoYConsumido)$ -test.count=1	f09d79b014abc432bd02d5ee8062286cbf9957d0a4e2df40f632624700526b4d	0	5	0	2209	4	4	0	0	0	0	0	0	0	0	captura completa; inventario hijos zombis grupos temporales y FD sin delta	GO
CAP_RACE_035	race	testbin -test.run=^(TestHandoffO3bNominalConjuntoYConsumido)$ -test.count=1	f09d79b014abc432bd02d5ee8062286cbf9957d0a4e2df40f632624700526b4d	0	5	0	2208	4	4	0	0	0	0	0	0	0	0	captura completa; inventario hijos zombis grupos temporales y FD sin delta	GO
CAP_RACE_036	race	testbin -test.run=^(TestHandoffO3bNominalConjuntoYConsumido)$ -test.count=1	f09d79b014abc432bd02d5ee8062286cbf9957d0a4e2df40f632624700526b4d	0	5	0	2209	4	4	0	0	0	0	0	0	0	0	captura completa; inventario hijos zombis grupos temporales y FD sin delta	GO
CAP_RACE_037	race	testbin -test.run=^(TestHandoffO3bNominalConjuntoYConsumido)$ -test.count=1	f09d79b014abc432bd02d5ee8062286cbf9957d0a4e2df40f632624700526b4d	0	5	0	2208	4	4	0	0	0	0	0	0	0	0	captura completa; inventario hijos zombis grupos temporales y FD sin delta	GO
CAP_RACE_038	race	testbin -test.run=^(TestHandoffO3bNominalConjuntoYConsumido)$ -test.count=1	f09d79b014abc432bd02d5ee8062286cbf9957d0a4e2df40f632624700526b4d	0	5	0	2215	4	4	0	0	0	0	0	0	0	0	captura completa; inventario hijos zombis grupos temporales y FD sin delta	GO
CAP_RACE_039	race	testbin -test.run=^(TestHandoffO3bNominalConjuntoYConsumido)$ -test.count=1	f09d79b014abc432bd02d5ee8062286cbf9957d0a4e2df40f632624700526b4d	0	5	0	2254	4	4	0	0	0	0	0	0	0	0	captura completa; inventario hijos zombis grupos temporales y FD sin delta	GO
CAP_RACE_040	race	testbin -test.run=^(TestHandoffO3bNominalConjuntoYConsumido)$ -test.count=1	f09d79b014abc432bd02d5ee8062286cbf9957d0a4e2df40f632624700526b4d	0	5	0	2215	4	4	0	0	0	0	0	0	0	0	captura completa; inventario hijos zombis grupos temporales y FD sin delta	GO
CAP_RACE_041	race	testbin -test.run=^(TestHandoffO3bNominalConjuntoYConsumido)$ -test.count=1	f09d79b014abc432bd02d5ee8062286cbf9957d0a4e2df40f632624700526b4d	0	5	0	2209	4	4	0	0	0	0	0	0	0	0	captura completa; inventario hijos zombis grupos temporales y FD sin delta	GO
CAP_RACE_042	race	testbin -test.run=^(TestHandoffO3bNominalConjuntoYConsumido)$ -test.count=1	f09d79b014abc432bd02d5ee8062286cbf9957d0a4e2df40f632624700526b4d	0	5	0	2211	4	4	0	0	0	0	0	0	0	0	captura completa; inventario hijos zombis grupos temporales y FD sin delta	GO
CAP_RACE_043	race	testbin -test.run=^(TestHandoffO3bNominalConjuntoYConsumido)$ -test.count=1	f09d79b014abc432bd02d5ee8062286cbf9957d0a4e2df40f632624700526b4d	0	5	0	2212	4	4	0	0	0	0	0	0	0	0	captura completa; inventario hijos zombis grupos temporales y FD sin delta	GO
CAP_RACE_044	race	testbin -test.run=^(TestHandoffO3bNominalConjuntoYConsumido)$ -test.count=1	f09d79b014abc432bd02d5ee8062286cbf9957d0a4e2df40f632624700526b4d	0	5	0	2209	4	4	0	0	0	0	0	0	0	0	captura completa; inventario hijos zombis grupos temporales y FD sin delta	GO
CAP_RACE_045	race	testbin -test.run=^(TestHandoffO3bNominalConjuntoYConsumido)$ -test.count=1	f09d79b014abc432bd02d5ee8062286cbf9957d0a4e2df40f632624700526b4d	0	5	0	2209	4	4	0	0	0	0	0	0	0	0	captura completa; inventario hijos zombis grupos temporales y FD sin delta	GO
CAP_RACE_046	race	testbin -test.run=^(TestHandoffO3bNominalConjuntoYConsumido)$ -test.count=1	f09d79b014abc432bd02d5ee8062286cbf9957d0a4e2df40f632624700526b4d	0	5	0	2208	4	4	0	0	0	0	0	0	0	0	captura completa; inventario hijos zombis grupos temporales y FD sin delta	GO
CAP_RACE_047	race	testbin -test.run=^(TestHandoffO3bNominalConjuntoYConsumido)$ -test.count=1	f09d79b014abc432bd02d5ee8062286cbf9957d0a4e2df40f632624700526b4d	0	5	0	2208	4	4	0	0	0	0	0	0	0	0	captura completa; inventario hijos zombis grupos temporales y FD sin delta	GO
CAP_RACE_048	race	testbin -test.run=^(TestHandoffO3bNominalConjuntoYConsumido)$ -test.count=1	f09d79b014abc432bd02d5ee8062286cbf9957d0a4e2df40f632624700526b4d	0	5	0	2210	4	4	0	0	0	0	0	0	0	0	captura completa; inventario hijos zombis grupos temporales y FD sin delta	GO
CAP_RACE_049	race	testbin -test.run=^(TestHandoffO3bNominalConjuntoYConsumido)$ -test.count=1	f09d79b014abc432bd02d5ee8062286cbf9957d0a4e2df40f632624700526b4d	0	5	0	2211	4	4	0	0	0	0	0	0	0	0	captura completa; inventario hijos zombis grupos temporales y FD sin delta	GO
CAP_RACE_050	race	testbin -test.run=^(TestHandoffO3bNominalConjuntoYConsumido)$ -test.count=1	f09d79b014abc432bd02d5ee8062286cbf9957d0a4e2df40f632624700526b4d	0	5	0	2210	4	4	0	0	0	0	0	0	0	0	captura completa; inventario hijos zombis grupos temporales y FD sin delta	GO
CAP_RACE_051	race	testbin -test.run=^(TestHandoffO3bNominalConjuntoYConsumido)$ -test.count=1	f09d79b014abc432bd02d5ee8062286cbf9957d0a4e2df40f632624700526b4d	0	5	0	2211	4	4	0	0	0	0	0	0	0	0	captura completa; inventario hijos zombis grupos temporales y FD sin delta	GO
CAP_RACE_052	race	testbin -test.run=^(TestHandoffO3bNominalConjuntoYConsumido)$ -test.count=1	f09d79b014abc432bd02d5ee8062286cbf9957d0a4e2df40f632624700526b4d	0	5	0	2208	4	4	0	0	0	0	0	0	0	0	captura completa; inventario hijos zombis grupos temporales y FD sin delta	GO
CAP_RACE_053	race	testbin -test.run=^(TestHandoffO3bNominalConjuntoYConsumido)$ -test.count=1	f09d79b014abc432bd02d5ee8062286cbf9957d0a4e2df40f632624700526b4d	0	5	0	2208	4	4	0	0	0	0	0	0	0	0	captura completa; inventario hijos zombis grupos temporales y FD sin delta	GO
CAP_RACE_054	race	testbin -test.run=^(TestHandoffO3bNominalConjuntoYConsumido)$ -test.count=1	f09d79b014abc432bd02d5ee8062286cbf9957d0a4e2df40f632624700526b4d	0	5	0	2209	4	4	0	0	0	0	0	0	0	0	captura completa; inventario hijos zombis grupos temporales y FD sin delta	GO
CAP_RACE_055	race	testbin -test.run=^(TestHandoffO3bNominalConjuntoYConsumido)$ -test.count=1	f09d79b014abc432bd02d5ee8062286cbf9957d0a4e2df40f632624700526b4d	0	5	0	2208	4	4	0	0	0	0	0	0	0	0	captura completa; inventario hijos zombis grupos temporales y FD sin delta	GO
CAP_RACE_056	race	testbin -test.run=^(TestHandoffO3bNominalConjuntoYConsumido)$ -test.count=1	f09d79b014abc432bd02d5ee8062286cbf9957d0a4e2df40f632624700526b4d	0	5	0	2211	4	4	0	0	0	0	0	0	0	0	captura completa; inventario hijos zombis grupos temporales y FD sin delta	GO
CAP_RACE_057	race	testbin -test.run=^(TestHandoffO3bNominalConjuntoYConsumido)$ -test.count=1	f09d79b014abc432bd02d5ee8062286cbf9957d0a4e2df40f632624700526b4d	0	5	0	2208	4	4	0	0	0	0	0	0	0	0	captura completa; inventario hijos zombis grupos temporales y FD sin delta	GO
CAP_RACE_058	race	testbin -test.run=^(TestHandoffO3bNominalConjuntoYConsumido)$ -test.count=1	f09d79b014abc432bd02d5ee8062286cbf9957d0a4e2df40f632624700526b4d	0	5	0	2208	4	4	0	0	0	0	0	0	0	0	captura completa; inventario hijos zombis grupos temporales y FD sin delta	GO
CAP_RACE_059	race	testbin -test.run=^(TestHandoffO3bNominalConjuntoYConsumido)$ -test.count=1	f09d79b014abc432bd02d5ee8062286cbf9957d0a4e2df40f632624700526b4d	0	5	0	2210	4	4	0	0	0	0	0	0	0	0	captura completa; inventario hijos zombis grupos temporales y FD sin delta	GO
CAP_RACE_060	race	testbin -test.run=^(TestHandoffO3bNominalConjuntoYConsumido)$ -test.count=1	f09d79b014abc432bd02d5ee8062286cbf9957d0a4e2df40f632624700526b4d	0	5	0	2210	4	4	0	0	0	0	0	0	0	0	captura completa; inventario hijos zombis grupos temporales y FD sin delta	GO
CAP_RACE_061	race	testbin -test.run=^(TestHandoffO3bNominalConjuntoYConsumido)$ -test.count=1	f09d79b014abc432bd02d5ee8062286cbf9957d0a4e2df40f632624700526b4d	0	5	0	2212	4	4	0	0	0	0	0	0	0	0	captura completa; inventario hijos zombis grupos temporales y FD sin delta	GO
CAP_RACE_062	race	testbin -test.run=^(TestHandoffO3bNominalConjuntoYConsumido)$ -test.count=1	f09d79b014abc432bd02d5ee8062286cbf9957d0a4e2df40f632624700526b4d	0	5	0	2208	4	4	0	0	0	0	0	0	0	0	captura completa; inventario hijos zombis grupos temporales y FD sin delta	GO
CAP_RACE_063	race	testbin -test.run=^(TestHandoffO3bNominalConjuntoYConsumido)$ -test.count=1	f09d79b014abc432bd02d5ee8062286cbf9957d0a4e2df40f632624700526b4d	0	5	0	2210	4	4	0	0	0	0	0	0	0	0	captura completa; inventario hijos zombis grupos temporales y FD sin delta	GO
CAP_RACE_064	race	testbin -test.run=^(TestHandoffO3bNominalConjuntoYConsumido)$ -test.count=1	f09d79b014abc432bd02d5ee8062286cbf9957d0a4e2df40f632624700526b4d	0	5	0	2209	4	4	0	0	0	0	0	0	0	0	captura completa; inventario hijos zombis grupos temporales y FD sin delta	GO
CAP_RACE_065	race	testbin -test.run=^(TestHandoffO3bNominalConjuntoYConsumido)$ -test.count=1	f09d79b014abc432bd02d5ee8062286cbf9957d0a4e2df40f632624700526b4d	0	5	0	2220	4	4	0	0	0	0	0	0	0	0	captura completa; inventario hijos zombis grupos temporales y FD sin delta	GO
CAP_RACE_066	race	testbin -test.run=^(TestHandoffO3bNominalConjuntoYConsumido)$ -test.count=1	f09d79b014abc432bd02d5ee8062286cbf9957d0a4e2df40f632624700526b4d	0	5	0	2442	4	4	0	0	0	0	0	0	0	0	captura completa; inventario hijos zombis grupos temporales y FD sin delta	GO
CAP_RACE_067	race	testbin -test.run=^(TestHandoffO3bNominalConjuntoYConsumido)$ -test.count=1	f09d79b014abc432bd02d5ee8062286cbf9957d0a4e2df40f632624700526b4d	0	5	0	2226	4	4	0	0	0	0	0	0	0	0	captura completa; inventario hijos zombis grupos temporales y FD sin delta	GO
CAP_RACE_068	race	testbin -test.run=^(TestHandoffO3bNominalConjuntoYConsumido)$ -test.count=1	f09d79b014abc432bd02d5ee8062286cbf9957d0a4e2df40f632624700526b4d	0	5	0	2210	4	4	0	0	0	0	0	0	0	0	captura completa; inventario hijos zombis grupos temporales y FD sin delta	GO
CAP_RACE_069	race	testbin -test.run=^(TestHandoffO3bNominalConjuntoYConsumido)$ -test.count=1	f09d79b014abc432bd02d5ee8062286cbf9957d0a4e2df40f632624700526b4d	0	5	0	2214	4	4	0	0	0	0	0	0	0	0	captura completa; inventario hijos zombis grupos temporales y FD sin delta	GO
CAP_RACE_070	race	testbin -test.run=^(TestHandoffO3bNominalConjuntoYConsumido)$ -test.count=1	f09d79b014abc432bd02d5ee8062286cbf9957d0a4e2df40f632624700526b4d	0	5	0	2216	4	4	0	0	0	0	0	0	0	0	captura completa; inventario hijos zombis grupos temporales y FD sin delta	GO
CAP_RACE_071	race	testbin -test.run=^(TestHandoffO3bNominalConjuntoYConsumido)$ -test.count=1	f09d79b014abc432bd02d5ee8062286cbf9957d0a4e2df40f632624700526b4d	0	5	0	2213	4	4	0	0	0	0	0	0	0	0	captura completa; inventario hijos zombis grupos temporales y FD sin delta	GO
CAP_RACE_072	race	testbin -test.run=^(TestHandoffO3bNominalConjuntoYConsumido)$ -test.count=1	f09d79b014abc432bd02d5ee8062286cbf9957d0a4e2df40f632624700526b4d	0	5	0	2208	4	4	0	0	0	0	0	0	0	0	captura completa; inventario hijos zombis grupos temporales y FD sin delta	GO
CAP_RACE_073	race	testbin -test.run=^(TestHandoffO3bNominalConjuntoYConsumido)$ -test.count=1	f09d79b014abc432bd02d5ee8062286cbf9957d0a4e2df40f632624700526b4d	0	5	0	2210	4	4	0	0	0	0	0	0	0	0	captura completa; inventario hijos zombis grupos temporales y FD sin delta	GO
CAP_RACE_074	race	testbin -test.run=^(TestHandoffO3bNominalConjuntoYConsumido)$ -test.count=1	f09d79b014abc432bd02d5ee8062286cbf9957d0a4e2df40f632624700526b4d	0	5	0	2209	4	4	0	0	0	0	0	0	0	0	captura completa; inventario hijos zombis grupos temporales y FD sin delta	GO
CAP_RACE_075	race	testbin -test.run=^(TestHandoffO3bNominalConjuntoYConsumido)$ -test.count=1	f09d79b014abc432bd02d5ee8062286cbf9957d0a4e2df40f632624700526b4d	0	5	0	2210	4	4	0	0	0	0	0	0	0	0	captura completa; inventario hijos zombis grupos temporales y FD sin delta	GO
CAP_RACE_076	race	testbin -test.run=^(TestHandoffO3bNominalConjuntoYConsumido)$ -test.count=1	f09d79b014abc432bd02d5ee8062286cbf9957d0a4e2df40f632624700526b4d	0	5	0	2211	4	4	0	0	0	0	0	0	0	0	captura completa; inventario hijos zombis grupos temporales y FD sin delta	GO
CAP_RACE_077	race	testbin -test.run=^(TestHandoffO3bNominalConjuntoYConsumido)$ -test.count=1	f09d79b014abc432bd02d5ee8062286cbf9957d0a4e2df40f632624700526b4d	0	5	0	2210	4	4	0	0	0	0	0	0	0	0	captura completa; inventario hijos zombis grupos temporales y FD sin delta	GO
CAP_RACE_078	race	testbin -test.run=^(TestHandoffO3bNominalConjuntoYConsumido)$ -test.count=1	f09d79b014abc432bd02d5ee8062286cbf9957d0a4e2df40f632624700526b4d	0	5	0	2209	4	4	0	0	0	0	0	0	0	0	captura completa; inventario hijos zombis grupos temporales y FD sin delta	GO
CAP_RACE_079	race	testbin -test.run=^(TestHandoffO3bNominalConjuntoYConsumido)$ -test.count=1	f09d79b014abc432bd02d5ee8062286cbf9957d0a4e2df40f632624700526b4d	0	5	0	2210	4	4	0	0	0	0	0	0	0	0	captura completa; inventario hijos zombis grupos temporales y FD sin delta	GO
CAP_RACE_080	race	testbin -test.run=^(TestHandoffO3bNominalConjuntoYConsumido)$ -test.count=1	f09d79b014abc432bd02d5ee8062286cbf9957d0a4e2df40f632624700526b4d	0	5	0	2211	4	4	0	0	0	0	0	0	0	0	captura completa; inventario hijos zombis grupos temporales y FD sin delta	GO
CAP_RACE_081	race	testbin -test.run=^(TestHandoffO3bNominalConjuntoYConsumido)$ -test.count=1	f09d79b014abc432bd02d5ee8062286cbf9957d0a4e2df40f632624700526b4d	0	5	0	2209	4	4	0	0	0	0	0	0	0	0	captura completa; inventario hijos zombis grupos temporales y FD sin delta	GO
CAP_RACE_082	race	testbin -test.run=^(TestHandoffO3bNominalConjuntoYConsumido)$ -test.count=1	f09d79b014abc432bd02d5ee8062286cbf9957d0a4e2df40f632624700526b4d	0	5	0	2210	4	4	0	0	0	0	0	0	0	0	captura completa; inventario hijos zombis grupos temporales y FD sin delta	GO
CAP_RACE_083	race	testbin -test.run=^(TestHandoffO3bNominalConjuntoYConsumido)$ -test.count=1	f09d79b014abc432bd02d5ee8062286cbf9957d0a4e2df40f632624700526b4d	0	5	0	2210	4	4	0	0	0	0	0	0	0	0	captura completa; inventario hijos zombis grupos temporales y FD sin delta	GO
CAP_RACE_084	race	testbin -test.run=^(TestHandoffO3bNominalConjuntoYConsumido)$ -test.count=1	f09d79b014abc432bd02d5ee8062286cbf9957d0a4e2df40f632624700526b4d	0	5	0	2211	4	4	0	0	0	0	0	0	0	0	captura completa; inventario hijos zombis grupos temporales y FD sin delta	GO
CAP_RACE_085	race	testbin -test.run=^(TestHandoffO3bNominalConjuntoYConsumido)$ -test.count=1	f09d79b014abc432bd02d5ee8062286cbf9957d0a4e2df40f632624700526b4d	0	5	0	2210	4	4	0	0	0	0	0	0	0	0	captura completa; inventario hijos zombis grupos temporales y FD sin delta	GO
CAP_RACE_086	race	testbin -test.run=^(TestHandoffO3bNominalConjuntoYConsumido)$ -test.count=1	f09d79b014abc432bd02d5ee8062286cbf9957d0a4e2df40f632624700526b4d	0	5	0	2214	4	4	0	0	0	0	0	0	0	0	captura completa; inventario hijos zombis grupos temporales y FD sin delta	GO
CAP_RACE_087	race	testbin -test.run=^(TestHandoffO3bNominalConjuntoYConsumido)$ -test.count=1	f09d79b014abc432bd02d5ee8062286cbf9957d0a4e2df40f632624700526b4d	0	5	0	2209	4	4	0	0	0	0	0	0	0	0	captura completa; inventario hijos zombis grupos temporales y FD sin delta	GO
CAP_RACE_088	race	testbin -test.run=^(TestHandoffO3bNominalConjuntoYConsumido)$ -test.count=1	f09d79b014abc432bd02d5ee8062286cbf9957d0a4e2df40f632624700526b4d	0	5	0	2208	4	4	0	0	0	0	0	0	0	0	captura completa; inventario hijos zombis grupos temporales y FD sin delta	GO
CAP_RACE_089	race	testbin -test.run=^(TestHandoffO3bNominalConjuntoYConsumido)$ -test.count=1	f09d79b014abc432bd02d5ee8062286cbf9957d0a4e2df40f632624700526b4d	0	5	0	2211	4	4	0	0	0	0	0	0	0	0	captura completa; inventario hijos zombis grupos temporales y FD sin delta	GO
CAP_RACE_090	race	testbin -test.run=^(TestHandoffO3bNominalConjuntoYConsumido)$ -test.count=1	f09d79b014abc432bd02d5ee8062286cbf9957d0a4e2df40f632624700526b4d	0	5	0	2208	4	4	0	0	0	0	0	0	0	0	captura completa; inventario hijos zombis grupos temporales y FD sin delta	GO
CAP_RACE_091	race	testbin -test.run=^(TestHandoffO3bNominalConjuntoYConsumido)$ -test.count=1	f09d79b014abc432bd02d5ee8062286cbf9957d0a4e2df40f632624700526b4d	0	5	0	2209	4	4	0	0	0	0	0	0	0	0	captura completa; inventario hijos zombis grupos temporales y FD sin delta	GO
CAP_RACE_092	race	testbin -test.run=^(TestHandoffO3bNominalConjuntoYConsumido)$ -test.count=1	f09d79b014abc432bd02d5ee8062286cbf9957d0a4e2df40f632624700526b4d	0	5	0	2214	4	4	0	0	0	0	0	0	0	0	captura completa; inventario hijos zombis grupos temporales y FD sin delta	GO
CAP_RACE_093	race	testbin -test.run=^(TestHandoffO3bNominalConjuntoYConsumido)$ -test.count=1	f09d79b014abc432bd02d5ee8062286cbf9957d0a4e2df40f632624700526b4d	0	5	0	2212	4	4	0	0	0	0	0	0	0	0	captura completa; inventario hijos zombis grupos temporales y FD sin delta	GO
CAP_RACE_094	race	testbin -test.run=^(TestHandoffO3bNominalConjuntoYConsumido)$ -test.count=1	f09d79b014abc432bd02d5ee8062286cbf9957d0a4e2df40f632624700526b4d	0	5	0	2212	4	4	0	0	0	0	0	0	0	0	captura completa; inventario hijos zombis grupos temporales y FD sin delta	GO
CAP_RACE_095	race	testbin -test.run=^(TestHandoffO3bNominalConjuntoYConsumido)$ -test.count=1	f09d79b014abc432bd02d5ee8062286cbf9957d0a4e2df40f632624700526b4d	0	5	0	2209	4	4	0	0	0	0	0	0	0	0	captura completa; inventario hijos zombis grupos temporales y FD sin delta	GO
CAP_RACE_096	race	testbin -test.run=^(TestHandoffO3bNominalConjuntoYConsumido)$ -test.count=1	f09d79b014abc432bd02d5ee8062286cbf9957d0a4e2df40f632624700526b4d	0	5	0	2209	4	4	0	0	0	0	0	0	0	0	captura completa; inventario hijos zombis grupos temporales y FD sin delta	GO
CAP_RACE_097	race	testbin -test.run=^(TestHandoffO3bNominalConjuntoYConsumido)$ -test.count=1	f09d79b014abc432bd02d5ee8062286cbf9957d0a4e2df40f632624700526b4d	0	5	0	2209	4	4	0	0	0	0	0	0	0	0	captura completa; inventario hijos zombis grupos temporales y FD sin delta	GO
CAP_RACE_098	race	testbin -test.run=^(TestHandoffO3bNominalConjuntoYConsumido)$ -test.count=1	f09d79b014abc432bd02d5ee8062286cbf9957d0a4e2df40f632624700526b4d	0	5	0	2209	4	4	0	0	0	0	0	0	0	0	captura completa; inventario hijos zombis grupos temporales y FD sin delta	GO
CAP_RACE_099	race	testbin -test.run=^(TestHandoffO3bNominalConjuntoYConsumido)$ -test.count=1	f09d79b014abc432bd02d5ee8062286cbf9957d0a4e2df40f632624700526b4d	0	5	0	2212	4	4	0	0	0	0	0	0	0	0	captura completa; inventario hijos zombis grupos temporales y FD sin delta	GO
CAP_RACE_100	race	testbin -test.run=^(TestHandoffO3bNominalConjuntoYConsumido)$ -test.count=1	f09d79b014abc432bd02d5ee8062286cbf9957d0a4e2df40f632624700526b4d	0	5	0	2217	4	4	0	0	0	0	0	0	0	0	captura completa; inventario hijos zombis grupos temporales y FD sin delta	GO
