id	modo	comando	sha_target	estado	stdout_bytes	stderr_bytes	duracion_ms	fd_inicio	fd_fin	hijos_inicio	hijos_fin	zombis_inicio	zombis_fin	grupos_inicio	grupos_fin	temporales_inicio	temporales_fin	grupo_ejecucion_esrch	oraculo	resultado
C01_ENTRADA	normal	testbin -test.run=^(TestAutoridadO3cConsumoNominalAliasClonYReuso|TestAutoridadO3cNulosYB5ReadOnly|TestAutoridadO3cConsumeHandoffO3bReal)$ -test.count=1	a26bda20e5ba7ad8f5015b54b491cd4ded0ed3b756e5efcfa7e86f61f382b9b1	0	5	0	209	6	6	0	0	0	0	0	0	0	0	si	B5 se consume una vez; alias clon reuso y nulos quedan cerrados	GO
C02_AGREGADO	normal	testbin -test.run=^(TestAutoridadO3cNulosYB5ReadOnly|TestAutoridadO3cRechazosFatales)$ -test.count=1	a26bda20e5ba7ad8f5015b54b491cd4ded0ed3b756e5efcfa7e86f61f382b9b1	0	5	0	107	6	6	0	0	0	0	0	0	0	0	si	agregado incompleto y estados distintos fallan cerrados	GO
C03_SELLOS	normal	testbin -test.run=^(TestRevalidacionO3cCasosAislados)$ -test.count=1	a26bda20e5ba7ad8f5015b54b491cd4ded0ed3b756e5efcfa7e86f61f382b9b1	0	5	0	2610	6	6	0	0	0	0	0	0	0	0	si	registro generacion TID PPID PDEATHSIG lease y observador exactos	GO
C04_CONTROL	normal	testbin -test.run=^(TestRevalidacionO3cCasosAislados|TestRevalidacionO3cPrecedenciaYAusenciaP3)$ -test.count=1	a26bda20e5ba7ad8f5015b54b491cd4ded0ed3b756e5efcfa7e86f61f382b9b1	0	5	0	2717	6	6	0	0	0	0	0	0	0	0	si	CONTROL nominal y negativos dominan sin CONT	GO
C05_BOOTSTRAP	normal	testbin -test.run=^(TestRevalidacionO3cCasosAislados|TestRevalidacionO3cPrecedenciaYAusenciaP3)$ -test.count=1	a26bda20e5ba7ad8f5015b54b491cd4ded0ed3b756e5efcfa7e86f61f382b9b1	0	5	0	2842	6	6	0	0	0	0	0	0	0	0	si	bootstrap monotono no se reinicia y vencido produce cero CONT	GO
C06_PIDFD	normal	testbin -test.run=^(TestRevalidacionO3cCasosAislados|TestRevalidacionO3cPrecedenciaYAusenciaP3)$ -test.count=1	a26bda20e5ba7ad8f5015b54b491cd4ded0ed3b756e5efcfa7e86f61f382b9b1	0	5	0	2720	6	6	0	0	0	0	0	0	0	0	si	dos pidfd y handle opaco sin cuarta referencia	GO
C07_IDENTIDAD	normal	testbin -test.run=^(TestRevalidacionO3cCasosAislados)$ -test.count=1	a26bda20e5ba7ad8f5015b54b491cd4ded0ed3b756e5efcfa7e86f61f382b9b1	0	5	0	2522	6	6	0	0	0	0	0	0	0	0	si	terminalidad e identidad proc adversa retiran sin CONT	GO
C08_LEASE	normal	testbin -test.run=^(TestRevalidacionO3cLeaseInacreditableEsFatal|TestRevalidacionO3cPrecedenciaYAusenciaP3)$ -test.count=1	a26bda20e5ba7ad8f5015b54b491cd4ded0ed3b756e5efcfa7e86f61f382b9b1	0	5	0	206	6	6	0	0	0	0	0	0	0	0	si	cada syscall usa permiso separado y consolidacion inmediata	GO
C09_MARCA	normal	testbin -test.run=^(TestContO3cMarcaRechazaNoMonotonoYOverflow)$ -test.count=1	a26bda20e5ba7ad8f5015b54b491cd4ded0ed3b756e5efcfa7e86f61f382b9b1	0	5	0	105	6	6	0	0	0	0	0	0	0	0	si	marca monotona unica exacta 180 segundos y overflow cerrado	GO
C10_ORDEN_CONT	normal	testbin -test.run=^(TestContO3cOrdenLiteralYAusenciaP4)$ -test.count=1	a26bda20e5ba7ad8f5015b54b491cd4ded0ed3b756e5efcfa7e86f61f382b9b1	0	5	0	106	6	6	0	0	0	0	0	0	0	0	si	primer syscall tras marca es CONT sin intermedio	GO
C11_CONT_PIDFD	normal	testbin -test.run=^(TestContO3cCasosAislados|TestContO3cOrdenLiteralYAusenciaP4)$ -test.count=1	a26bda20e5ba7ad8f5015b54b491cd4ded0ed3b756e5efcfa7e86f61f382b9b1	0	5	0	507	6	6	0	0	0	0	0	0	0	0	si	SIGCONT de grupo por pidfd primario unico	GO
C12_CONT_RAW	normal	testbin -test.run=^(TestContO3cCasosAislados)$ -test.count=1	a26bda20e5ba7ad8f5015b54b491cd4ded0ed3b756e5efcfa7e86f61f382b9b1	0	5	0	508	6	6	0	0	0	0	0	0	0	0	si	error y EINTR no reintentan y conservan retorno raw	GO
C13_BORDE_BOOTSTRAP	normal	testbin -test.run=^(TestContO3cCasosAislados|TestContO3cOrdenLiteralYAusenciaP4)$ -test.count=1	a26bda20e5ba7ad8f5015b54b491cd4ded0ed3b756e5efcfa7e86f61f382b9b1	0	5	0	507	6	6	0	0	0	0	0	0	0	0	si	CONT comienza antes de bootstrap sin reloj intercalado	GO
C14_POLL	normal	testbin -test.run=^(TestObservacionO3cCasosAislados|TestObservacionO3cClasificacionCerrada)$ -test.count=1	a26bda20e5ba7ad8f5015b54b491cd4ded0ed3b756e5efcfa7e86f61f382b9b1	0	5	0	1109	6	6	0	0	0	0	0	0	0	0	si	poll cero clasifica vacio POLLIN exacto o infraestructura	GO
C15_PRECEDENCIA_RAW	normal	testbin -test.run=^(TestObservacionO3cCasosAislados|TestObservacionO3cPrecedenciaCASYAusenciaP5)$ -test.count=1	a26bda20e5ba7ad8f5015b54b491cd4ded0ed3b756e5efcfa7e86f61f382b9b1	0	5	0	1108	6	6	0	0	0	0	0	0	0	0	si	CONTROL precede observador y este precede pidfd	GO
C16_UNION	normal	testbin -test.run=^(TestObservacionO3cClasificacionCerrada|TestObservacionO3cPrecedenciaCASYAusenciaP5)$ -test.count=1	a26bda20e5ba7ad8f5015b54b491cd4ded0ed3b756e5efcfa7e86f61f382b9b1	0	5	0	107	6	6	0	0	0	0	0	0	0	0	si	discriminante cerrado unico e inmutable sin causa	GO
C17_OWNERS	normal	testbin -test.run=^(TestHandoffO3cP5CasosAislados|TestHandoffO3cP5OrdenYAusenciaP6)$ -test.count=1	a26bda20e5ba7ad8f5015b54b491cd4ded0ed3b756e5efcfa7e86f61f382b9b1	0	5	0	909	6	6	0	0	0	0	0	0	0	0	si	owner observador antes que lease; parcial CF sin rollback	GO
C18_O4A_OPACO	normal	testbin -test.run=^(TestHandoffO3cP5CasosAislados|TestHandoffO3cP5OrdenYAusenciaP6)$ -test.count=1	a26bda20e5ba7ad8f5015b54b491cd4ded0ed3b756e5efcfa7e86f61f382b9b1	0	5	0	910	6	6	0	0	0	0	0	0	0	0	si	agregado O4a opaco conserva custodia plazo raw y observacion	GO
C19_RETIRADA	normal	testbin -test.run=^(TestHandoffO3cP5CasosAislados|TestHandoffO3cP5SeleccionReserva|TestHandoffO3cP5OrdenYAusenciaP6)$ -test.count=1	a26bda20e5ba7ad8f5015b54b491cd4ded0ed3b756e5efcfa7e86f61f382b9b1	0	5	0	808	6	6	0	0	0	0	0	0	0	0	si	retirada pre CONT ordena terminalidad Wait ECHILD ESRCH cierres y liberacion	GO
C20_POST_CONT	normal	testbin -test.run=^(TestHandoffO3cP5CasosAislados|TestHandoffO3cP5OrdenYAusenciaP6)$ -test.count=1	a26bda20e5ba7ad8f5015b54b491cd4ded0ed3b756e5efcfa7e86f61f382b9b1	0	5	0	808	6	6	0	0	0	0	0	0	0	0	si	post CONT entrega o CF sin retirada cierre log ni retorno	GO
C21_FRONTERA	normal	testbin -test.run=^(TestAutoridadO3cSinEfectosPosteriores|TestContO3cOrdenLiteralYAusenciaP4|TestObservacionO3cPrecedenciaCASYAusenciaP5|TestHandoffO3cP5OrdenYAusenciaP6)$ -test.count=1	a26bda20e5ba7ad8f5015b54b491cd4ded0ed3b756e5efcfa7e86f61f382b9b1	0	5	0	106	6	6	0	0	0	0	0	0	0	0	si	sin espera causa TERMINAL ni APIs O4	GO
C22_RESIDUOS	normal	testbin -test.run=^(TestHandoffO3cP5CasosAislados)$ -test.count=1	a26bda20e5ba7ad8f5015b54b491cd4ded0ed3b756e5efcfa7e86f61f382b9b1	0	5	0	807	6	6	0	0	0	0	0	0	0	0	si	cien capturas por modo con FD hijos zombis grupos y temporales delta cero	GO
CAP_NORMAL_001	normal	testbin -test.run=^(TestHandoffO3cP5CasosAislados)$ -test.count=1	a26bda20e5ba7ad8f5015b54b491cd4ded0ed3b756e5efcfa7e86f61f382b9b1	0	5	0	807	5	5	0	0	0	0	0	0	0	0	si	captura completa con inventarios y residuos delta cero	GO
CAP_NORMAL_002	normal	testbin -test.run=^(TestHandoffO3cP5CasosAislados)$ -test.count=1	a26bda20e5ba7ad8f5015b54b491cd4ded0ed3b756e5efcfa7e86f61f382b9b1	0	5	0	809	5	5	0	0	0	0	0	0	0	0	si	captura completa con inventarios y residuos delta cero	GO
CAP_NORMAL_003	normal	testbin -test.run=^(TestHandoffO3cP5CasosAislados)$ -test.count=1	a26bda20e5ba7ad8f5015b54b491cd4ded0ed3b756e5efcfa7e86f61f382b9b1	0	5	0	807	5	5	0	0	0	0	0	0	0	0	si	captura completa con inventarios y residuos delta cero	GO
CAP_NORMAL_004	normal	testbin -test.run=^(TestHandoffO3cP5CasosAislados)$ -test.count=1	a26bda20e5ba7ad8f5015b54b491cd4ded0ed3b756e5efcfa7e86f61f382b9b1	0	5	0	807	5	5	0	0	0	0	0	0	0	0	si	captura completa con inventarios y residuos delta cero	GO
CAP_NORMAL_005	normal	testbin -test.run=^(TestHandoffO3cP5CasosAislados)$ -test.count=1	a26bda20e5ba7ad8f5015b54b491cd4ded0ed3b756e5efcfa7e86f61f382b9b1	0	5	0	807	5	5	0	0	0	0	0	0	0	0	si	captura completa con inventarios y residuos delta cero	GO
CAP_NORMAL_006	normal	testbin -test.run=^(TestHandoffO3cP5CasosAislados)$ -test.count=1	a26bda20e5ba7ad8f5015b54b491cd4ded0ed3b756e5efcfa7e86f61f382b9b1	0	5	0	808	5	5	0	0	0	0	0	0	0	0	si	captura completa con inventarios y residuos delta cero	GO
CAP_NORMAL_007	normal	testbin -test.run=^(TestHandoffO3cP5CasosAislados)$ -test.count=1	a26bda20e5ba7ad8f5015b54b491cd4ded0ed3b756e5efcfa7e86f61f382b9b1	0	5	0	808	5	5	0	0	0	0	0	0	0	0	si	captura completa con inventarios y residuos delta cero	GO
CAP_NORMAL_008	normal	testbin -test.run=^(TestHandoffO3cP5CasosAislados)$ -test.count=1	a26bda20e5ba7ad8f5015b54b491cd4ded0ed3b756e5efcfa7e86f61f382b9b1	0	5	0	809	5	5	0	0	0	0	0	0	0	0	si	captura completa con inventarios y residuos delta cero	GO
CAP_NORMAL_009	normal	testbin -test.run=^(TestHandoffO3cP5CasosAislados)$ -test.count=1	a26bda20e5ba7ad8f5015b54b491cd4ded0ed3b756e5efcfa7e86f61f382b9b1	0	5	0	908	5	5	0	0	0	0	0	0	0	0	si	captura completa con inventarios y residuos delta cero	GO
CAP_NORMAL_010	normal	testbin -test.run=^(TestHandoffO3cP5CasosAislados)$ -test.count=1	a26bda20e5ba7ad8f5015b54b491cd4ded0ed3b756e5efcfa7e86f61f382b9b1	0	5	0	909	5	5	0	0	0	0	0	0	0	0	si	captura completa con inventarios y residuos delta cero	GO
CAP_NORMAL_011	normal	testbin -test.run=^(TestHandoffO3cP5CasosAislados)$ -test.count=1	a26bda20e5ba7ad8f5015b54b491cd4ded0ed3b756e5efcfa7e86f61f382b9b1	0	5	0	1342	5	5	0	0	0	0	0	0	0	0	si	captura completa con inventarios y residuos delta cero	GO
CAP_NORMAL_012	normal	testbin -test.run=^(TestHandoffO3cP5CasosAislados)$ -test.count=1	a26bda20e5ba7ad8f5015b54b491cd4ded0ed3b756e5efcfa7e86f61f382b9b1	0	5	0	1153	5	5	0	0	0	0	0	0	0	0	si	captura completa con inventarios y residuos delta cero	GO
CAP_NORMAL_013	normal	testbin -test.run=^(TestHandoffO3cP5CasosAislados)$ -test.count=1	a26bda20e5ba7ad8f5015b54b491cd4ded0ed3b756e5efcfa7e86f61f382b9b1	0	5	0	916	5	5	0	0	0	0	0	0	0	0	si	captura completa con inventarios y residuos delta cero	GO
CAP_NORMAL_014	normal	testbin -test.run=^(TestHandoffO3cP5CasosAislados)$ -test.count=1	a26bda20e5ba7ad8f5015b54b491cd4ded0ed3b756e5efcfa7e86f61f382b9b1	0	5	0	914	5	5	0	0	0	0	0	0	0	0	si	captura completa con inventarios y residuos delta cero	GO
CAP_NORMAL_015	normal	testbin -test.run=^(TestHandoffO3cP5CasosAislados)$ -test.count=1	a26bda20e5ba7ad8f5015b54b491cd4ded0ed3b756e5efcfa7e86f61f382b9b1	0	5	0	911	5	5	0	0	0	0	0	0	0	0	si	captura completa con inventarios y residuos delta cero	GO
CAP_NORMAL_016	normal	testbin -test.run=^(TestHandoffO3cP5CasosAislados)$ -test.count=1	a26bda20e5ba7ad8f5015b54b491cd4ded0ed3b756e5efcfa7e86f61f382b9b1	0	5	0	909	5	5	0	0	0	0	0	0	0	0	si	captura completa con inventarios y residuos delta cero	GO
CAP_NORMAL_017	normal	testbin -test.run=^(TestHandoffO3cP5CasosAislados)$ -test.count=1	a26bda20e5ba7ad8f5015b54b491cd4ded0ed3b756e5efcfa7e86f61f382b9b1	0	5	0	909	5	5	0	0	0	0	0	0	0	0	si	captura completa con inventarios y residuos delta cero	GO
CAP_NORMAL_018	normal	testbin -test.run=^(TestHandoffO3cP5CasosAislados)$ -test.count=1	a26bda20e5ba7ad8f5015b54b491cd4ded0ed3b756e5efcfa7e86f61f382b9b1	0	5	0	929	5	5	0	0	0	0	0	0	0	0	si	captura completa con inventarios y residuos delta cero	GO
CAP_NORMAL_019	normal	testbin -test.run=^(TestHandoffO3cP5CasosAislados)$ -test.count=1	a26bda20e5ba7ad8f5015b54b491cd4ded0ed3b756e5efcfa7e86f61f382b9b1	0	5	0	1021	5	5	0	0	0	0	0	0	0	0	si	captura completa con inventarios y residuos delta cero	GO
CAP_NORMAL_020	normal	testbin -test.run=^(TestHandoffO3cP5CasosAislados)$ -test.count=1	a26bda20e5ba7ad8f5015b54b491cd4ded0ed3b756e5efcfa7e86f61f382b9b1	0	5	0	908	5	5	0	0	0	0	0	0	0	0	si	captura completa con inventarios y residuos delta cero	GO
CAP_NORMAL_021	normal	testbin -test.run=^(TestHandoffO3cP5CasosAislados)$ -test.count=1	a26bda20e5ba7ad8f5015b54b491cd4ded0ed3b756e5efcfa7e86f61f382b9b1	0	5	0	916	5	5	0	0	0	0	0	0	0	0	si	captura completa con inventarios y residuos delta cero	GO
CAP_NORMAL_022	normal	testbin -test.run=^(TestHandoffO3cP5CasosAislados)$ -test.count=1	a26bda20e5ba7ad8f5015b54b491cd4ded0ed3b756e5efcfa7e86f61f382b9b1	0	5	0	916	5	5	0	0	0	0	0	0	0	0	si	captura completa con inventarios y residuos delta cero	GO
CAP_NORMAL_023	normal	testbin -test.run=^(TestHandoffO3cP5CasosAislados)$ -test.count=1	a26bda20e5ba7ad8f5015b54b491cd4ded0ed3b756e5efcfa7e86f61f382b9b1	0	5	0	1036	5	5	0	0	0	0	0	0	0	0	si	captura completa con inventarios y residuos delta cero	GO
CAP_NORMAL_024	normal	testbin -test.run=^(TestHandoffO3cP5CasosAislados)$ -test.count=1	a26bda20e5ba7ad8f5015b54b491cd4ded0ed3b756e5efcfa7e86f61f382b9b1	0	5	0	1020	5	5	0	0	0	0	0	0	0	0	si	captura completa con inventarios y residuos delta cero	GO
CAP_NORMAL_025	normal	testbin -test.run=^(TestHandoffO3cP5CasosAislados)$ -test.count=1	a26bda20e5ba7ad8f5015b54b491cd4ded0ed3b756e5efcfa7e86f61f382b9b1	0	5	0	1047	5	5	0	0	0	0	0	0	0	0	si	captura completa con inventarios y residuos delta cero	GO
CAP_NORMAL_026	normal	testbin -test.run=^(TestHandoffO3cP5CasosAislados)$ -test.count=1	a26bda20e5ba7ad8f5015b54b491cd4ded0ed3b756e5efcfa7e86f61f382b9b1	0	5	0	1022	5	5	0	0	0	0	0	0	0	0	si	captura completa con inventarios y residuos delta cero	GO
CAP_NORMAL_027	normal	testbin -test.run=^(TestHandoffO3cP5CasosAislados)$ -test.count=1	a26bda20e5ba7ad8f5015b54b491cd4ded0ed3b756e5efcfa7e86f61f382b9b1	0	5	0	1023	5	5	0	0	0	0	0	0	0	0	si	captura completa con inventarios y residuos delta cero	GO
CAP_NORMAL_028	normal	testbin -test.run=^(TestHandoffO3cP5CasosAislados)$ -test.count=1	a26bda20e5ba7ad8f5015b54b491cd4ded0ed3b756e5efcfa7e86f61f382b9b1	0	5	0	923	5	5	0	0	0	0	0	0	0	0	si	captura completa con inventarios y residuos delta cero	GO
CAP_NORMAL_029	normal	testbin -test.run=^(TestHandoffO3cP5CasosAislados)$ -test.count=1	a26bda20e5ba7ad8f5015b54b491cd4ded0ed3b756e5efcfa7e86f61f382b9b1	0	5	0	908	5	5	0	0	0	0	0	0	0	0	si	captura completa con inventarios y residuos delta cero	GO
CAP_NORMAL_030	normal	testbin -test.run=^(TestHandoffO3cP5CasosAislados)$ -test.count=1	a26bda20e5ba7ad8f5015b54b491cd4ded0ed3b756e5efcfa7e86f61f382b9b1	0	5	0	807	5	5	0	0	0	0	0	0	0	0	si	captura completa con inventarios y residuos delta cero	GO
CAP_NORMAL_031	normal	testbin -test.run=^(TestHandoffO3cP5CasosAislados)$ -test.count=1	a26bda20e5ba7ad8f5015b54b491cd4ded0ed3b756e5efcfa7e86f61f382b9b1	0	5	0	911	5	5	0	0	0	0	0	0	0	0	si	captura completa con inventarios y residuos delta cero	GO
CAP_NORMAL_032	normal	testbin -test.run=^(TestHandoffO3cP5CasosAislados)$ -test.count=1	a26bda20e5ba7ad8f5015b54b491cd4ded0ed3b756e5efcfa7e86f61f382b9b1	0	5	0	911	5	5	0	0	0	0	0	0	0	0	si	captura completa con inventarios y residuos delta cero	GO
CAP_NORMAL_033	normal	testbin -test.run=^(TestHandoffO3cP5CasosAislados)$ -test.count=1	a26bda20e5ba7ad8f5015b54b491cd4ded0ed3b756e5efcfa7e86f61f382b9b1	0	5	0	809	5	5	0	0	0	0	0	0	0	0	si	captura completa con inventarios y residuos delta cero	GO
CAP_NORMAL_034	normal	testbin -test.run=^(TestHandoffO3cP5CasosAislados)$ -test.count=1	a26bda20e5ba7ad8f5015b54b491cd4ded0ed3b756e5efcfa7e86f61f382b9b1	0	5	0	809	5	5	0	0	0	0	0	0	0	0	si	captura completa con inventarios y residuos delta cero	GO
CAP_NORMAL_035	normal	testbin -test.run=^(TestHandoffO3cP5CasosAislados)$ -test.count=1	a26bda20e5ba7ad8f5015b54b491cd4ded0ed3b756e5efcfa7e86f61f382b9b1	0	5	0	1018	5	5	0	0	0	0	0	0	0	0	si	captura completa con inventarios y residuos delta cero	GO
CAP_NORMAL_036	normal	testbin -test.run=^(TestHandoffO3cP5CasosAislados)$ -test.count=1	a26bda20e5ba7ad8f5015b54b491cd4ded0ed3b756e5efcfa7e86f61f382b9b1	0	5	0	914	5	5	0	0	0	0	0	0	0	0	si	captura completa con inventarios y residuos delta cero	GO
CAP_NORMAL_037	normal	testbin -test.run=^(TestHandoffO3cP5CasosAislados)$ -test.count=1	a26bda20e5ba7ad8f5015b54b491cd4ded0ed3b756e5efcfa7e86f61f382b9b1	0	5	0	910	5	5	0	0	0	0	0	0	0	0	si	captura completa con inventarios y residuos delta cero	GO
CAP_NORMAL_038	normal	testbin -test.run=^(TestHandoffO3cP5CasosAislados)$ -test.count=1	a26bda20e5ba7ad8f5015b54b491cd4ded0ed3b756e5efcfa7e86f61f382b9b1	0	5	0	907	5	5	0	0	0	0	0	0	0	0	si	captura completa con inventarios y residuos delta cero	GO
CAP_NORMAL_039	normal	testbin -test.run=^(TestHandoffO3cP5CasosAislados)$ -test.count=1	a26bda20e5ba7ad8f5015b54b491cd4ded0ed3b756e5efcfa7e86f61f382b9b1	0	5	0	909	5	5	0	0	0	0	0	0	0	0	si	captura completa con inventarios y residuos delta cero	GO
CAP_NORMAL_040	normal	testbin -test.run=^(TestHandoffO3cP5CasosAislados)$ -test.count=1	a26bda20e5ba7ad8f5015b54b491cd4ded0ed3b756e5efcfa7e86f61f382b9b1	0	5	0	808	5	5	0	0	0	0	0	0	0	0	si	captura completa con inventarios y residuos delta cero	GO
CAP_NORMAL_041	normal	testbin -test.run=^(TestHandoffO3cP5CasosAislados)$ -test.count=1	a26bda20e5ba7ad8f5015b54b491cd4ded0ed3b756e5efcfa7e86f61f382b9b1	0	5	0	807	5	5	0	0	0	0	0	0	0	0	si	captura completa con inventarios y residuos delta cero	GO
CAP_NORMAL_042	normal	testbin -test.run=^(TestHandoffO3cP5CasosAislados)$ -test.count=1	a26bda20e5ba7ad8f5015b54b491cd4ded0ed3b756e5efcfa7e86f61f382b9b1	0	5	0	809	5	5	0	0	0	0	0	0	0	0	si	captura completa con inventarios y residuos delta cero	GO
CAP_NORMAL_043	normal	testbin -test.run=^(TestHandoffO3cP5CasosAislados)$ -test.count=1	a26bda20e5ba7ad8f5015b54b491cd4ded0ed3b756e5efcfa7e86f61f382b9b1	0	5	0	810	5	5	0	0	0	0	0	0	0	0	si	captura completa con inventarios y residuos delta cero	GO
CAP_NORMAL_044	normal	testbin -test.run=^(TestHandoffO3cP5CasosAislados)$ -test.count=1	a26bda20e5ba7ad8f5015b54b491cd4ded0ed3b756e5efcfa7e86f61f382b9b1	0	5	0	911	5	5	0	0	0	0	0	0	0	0	si	captura completa con inventarios y residuos delta cero	GO
CAP_NORMAL_045	normal	testbin -test.run=^(TestHandoffO3cP5CasosAislados)$ -test.count=1	a26bda20e5ba7ad8f5015b54b491cd4ded0ed3b756e5efcfa7e86f61f382b9b1	0	5	0	810	5	5	0	0	0	0	0	0	0	0	si	captura completa con inventarios y residuos delta cero	GO
CAP_NORMAL_046	normal	testbin -test.run=^(TestHandoffO3cP5CasosAislados)$ -test.count=1	a26bda20e5ba7ad8f5015b54b491cd4ded0ed3b756e5efcfa7e86f61f382b9b1	0	5	0	808	5	5	0	0	0	0	0	0	0	0	si	captura completa con inventarios y residuos delta cero	GO
CAP_NORMAL_047	normal	testbin -test.run=^(TestHandoffO3cP5CasosAislados)$ -test.count=1	a26bda20e5ba7ad8f5015b54b491cd4ded0ed3b756e5efcfa7e86f61f382b9b1	0	5	0	808	5	5	0	0	0	0	0	0	0	0	si	captura completa con inventarios y residuos delta cero	GO
CAP_NORMAL_048	normal	testbin -test.run=^(TestHandoffO3cP5CasosAislados)$ -test.count=1	a26bda20e5ba7ad8f5015b54b491cd4ded0ed3b756e5efcfa7e86f61f382b9b1	0	5	0	911	5	5	0	0	0	0	0	0	0	0	si	captura completa con inventarios y residuos delta cero	GO
CAP_NORMAL_049	normal	testbin -test.run=^(TestHandoffO3cP5CasosAislados)$ -test.count=1	a26bda20e5ba7ad8f5015b54b491cd4ded0ed3b756e5efcfa7e86f61f382b9b1	0	5	0	925	5	5	0	0	0	0	0	0	0	0	si	captura completa con inventarios y residuos delta cero	GO
CAP_NORMAL_050	normal	testbin -test.run=^(TestHandoffO3cP5CasosAislados)$ -test.count=1	a26bda20e5ba7ad8f5015b54b491cd4ded0ed3b756e5efcfa7e86f61f382b9b1	0	5	0	921	5	5	0	0	0	0	0	0	0	0	si	captura completa con inventarios y residuos delta cero	GO
CAP_NORMAL_051	normal	testbin -test.run=^(TestHandoffO3cP5CasosAislados)$ -test.count=1	a26bda20e5ba7ad8f5015b54b491cd4ded0ed3b756e5efcfa7e86f61f382b9b1	0	5	0	911	5	5	0	0	0	0	0	0	0	0	si	captura completa con inventarios y residuos delta cero	GO
CAP_NORMAL_052	normal	testbin -test.run=^(TestHandoffO3cP5CasosAislados)$ -test.count=1	a26bda20e5ba7ad8f5015b54b491cd4ded0ed3b756e5efcfa7e86f61f382b9b1	0	5	0	1008	5	5	0	0	0	0	0	0	0	0	si	captura completa con inventarios y residuos delta cero	GO
CAP_NORMAL_053	normal	testbin -test.run=^(TestHandoffO3cP5CasosAislados)$ -test.count=1	a26bda20e5ba7ad8f5015b54b491cd4ded0ed3b756e5efcfa7e86f61f382b9b1	0	5	0	917	5	5	0	0	0	0	0	0	0	0	si	captura completa con inventarios y residuos delta cero	GO
CAP_NORMAL_054	normal	testbin -test.run=^(TestHandoffO3cP5CasosAislados)$ -test.count=1	a26bda20e5ba7ad8f5015b54b491cd4ded0ed3b756e5efcfa7e86f61f382b9b1	0	5	0	1128	5	5	0	0	0	0	0	0	0	0	si	captura completa con inventarios y residuos delta cero	GO
CAP_NORMAL_055	normal	testbin -test.run=^(TestHandoffO3cP5CasosAislados)$ -test.count=1	a26bda20e5ba7ad8f5015b54b491cd4ded0ed3b756e5efcfa7e86f61f382b9b1	0	5	0	911	5	5	0	0	0	0	0	0	0	0	si	captura completa con inventarios y residuos delta cero	GO
CAP_NORMAL_056	normal	testbin -test.run=^(TestHandoffO3cP5CasosAislados)$ -test.count=1	a26bda20e5ba7ad8f5015b54b491cd4ded0ed3b756e5efcfa7e86f61f382b9b1	0	5	0	1021	5	5	0	0	0	0	0	0	0	0	si	captura completa con inventarios y residuos delta cero	GO
CAP_NORMAL_057	normal	testbin -test.run=^(TestHandoffO3cP5CasosAislados)$ -test.count=1	a26bda20e5ba7ad8f5015b54b491cd4ded0ed3b756e5efcfa7e86f61f382b9b1	0	5	0	935	5	5	0	0	0	0	0	0	0	0	si	captura completa con inventarios y residuos delta cero	GO
CAP_NORMAL_058	normal	testbin -test.run=^(TestHandoffO3cP5CasosAislados)$ -test.count=1	a26bda20e5ba7ad8f5015b54b491cd4ded0ed3b756e5efcfa7e86f61f382b9b1	0	5	0	926	5	5	0	0	0	0	0	0	0	0	si	captura completa con inventarios y residuos delta cero	GO
CAP_NORMAL_059	normal	testbin -test.run=^(TestHandoffO3cP5CasosAislados)$ -test.count=1	a26bda20e5ba7ad8f5015b54b491cd4ded0ed3b756e5efcfa7e86f61f382b9b1	0	5	0	914	5	5	0	0	0	0	0	0	0	0	si	captura completa con inventarios y residuos delta cero	GO
CAP_NORMAL_060	normal	testbin -test.run=^(TestHandoffO3cP5CasosAislados)$ -test.count=1	a26bda20e5ba7ad8f5015b54b491cd4ded0ed3b756e5efcfa7e86f61f382b9b1	0	5	0	906	5	5	0	0	0	0	0	0	0	0	si	captura completa con inventarios y residuos delta cero	GO
CAP_NORMAL_061	normal	testbin -test.run=^(TestHandoffO3cP5CasosAislados)$ -test.count=1	a26bda20e5ba7ad8f5015b54b491cd4ded0ed3b756e5efcfa7e86f61f382b9b1	0	5	0	909	5	5	0	0	0	0	0	0	0	0	si	captura completa con inventarios y residuos delta cero	GO
CAP_NORMAL_062	normal	testbin -test.run=^(TestHandoffO3cP5CasosAislados)$ -test.count=1	a26bda20e5ba7ad8f5015b54b491cd4ded0ed3b756e5efcfa7e86f61f382b9b1	0	5	0	908	5	5	0	0	0	0	0	0	0	0	si	captura completa con inventarios y residuos delta cero	GO
CAP_NORMAL_063	normal	testbin -test.run=^(TestHandoffO3cP5CasosAislados)$ -test.count=1	a26bda20e5ba7ad8f5015b54b491cd4ded0ed3b756e5efcfa7e86f61f382b9b1	0	5	0	1012	5	5	0	0	0	0	0	0	0	0	si	captura completa con inventarios y residuos delta cero	GO
CAP_NORMAL_064	normal	testbin -test.run=^(TestHandoffO3cP5CasosAislados)$ -test.count=1	a26bda20e5ba7ad8f5015b54b491cd4ded0ed3b756e5efcfa7e86f61f382b9b1	0	5	0	909	5	5	0	0	0	0	0	0	0	0	si	captura completa con inventarios y residuos delta cero	GO
CAP_NORMAL_065	normal	testbin -test.run=^(TestHandoffO3cP5CasosAislados)$ -test.count=1	a26bda20e5ba7ad8f5015b54b491cd4ded0ed3b756e5efcfa7e86f61f382b9b1	0	5	0	917	5	5	0	0	0	0	0	0	0	0	si	captura completa con inventarios y residuos delta cero	GO
CAP_NORMAL_066	normal	testbin -test.run=^(TestHandoffO3cP5CasosAislados)$ -test.count=1	a26bda20e5ba7ad8f5015b54b491cd4ded0ed3b756e5efcfa7e86f61f382b9b1	0	5	0	1032	5	5	0	0	0	0	0	0	0	0	si	captura completa con inventarios y residuos delta cero	GO
CAP_NORMAL_067	normal	testbin -test.run=^(TestHandoffO3cP5CasosAislados)$ -test.count=1	a26bda20e5ba7ad8f5015b54b491cd4ded0ed3b756e5efcfa7e86f61f382b9b1	0	5	0	1032	5	5	0	0	0	0	0	0	0	0	si	captura completa con inventarios y residuos delta cero	GO
CAP_NORMAL_068	normal	testbin -test.run=^(TestHandoffO3cP5CasosAislados)$ -test.count=1	a26bda20e5ba7ad8f5015b54b491cd4ded0ed3b756e5efcfa7e86f61f382b9b1	0	5	0	1060	5	5	0	0	0	0	0	0	0	0	si	captura completa con inventarios y residuos delta cero	GO
CAP_NORMAL_069	normal	testbin -test.run=^(TestHandoffO3cP5CasosAislados)$ -test.count=1	a26bda20e5ba7ad8f5015b54b491cd4ded0ed3b756e5efcfa7e86f61f382b9b1	0	5	0	917	5	5	0	0	0	0	0	0	0	0	si	captura completa con inventarios y residuos delta cero	GO
CAP_NORMAL_070	normal	testbin -test.run=^(TestHandoffO3cP5CasosAislados)$ -test.count=1	a26bda20e5ba7ad8f5015b54b491cd4ded0ed3b756e5efcfa7e86f61f382b9b1	0	5	0	1029	5	5	0	0	0	0	0	0	0	0	si	captura completa con inventarios y residuos delta cero	GO
CAP_NORMAL_071	normal	testbin -test.run=^(TestHandoffO3cP5CasosAislados)$ -test.count=1	a26bda20e5ba7ad8f5015b54b491cd4ded0ed3b756e5efcfa7e86f61f382b9b1	0	5	0	1015	5	5	0	0	0	0	0	0	0	0	si	captura completa con inventarios y residuos delta cero	GO
CAP_NORMAL_072	normal	testbin -test.run=^(TestHandoffO3cP5CasosAislados)$ -test.count=1	a26bda20e5ba7ad8f5015b54b491cd4ded0ed3b756e5efcfa7e86f61f382b9b1	0	5	0	1026	5	5	0	0	0	0	0	0	0	0	si	captura completa con inventarios y residuos delta cero	GO
CAP_NORMAL_073	normal	testbin -test.run=^(TestHandoffO3cP5CasosAislados)$ -test.count=1	a26bda20e5ba7ad8f5015b54b491cd4ded0ed3b756e5efcfa7e86f61f382b9b1	0	5	0	1121	5	5	0	0	0	0	0	0	0	0	si	captura completa con inventarios y residuos delta cero	GO
CAP_NORMAL_074	normal	testbin -test.run=^(TestHandoffO3cP5CasosAislados)$ -test.count=1	a26bda20e5ba7ad8f5015b54b491cd4ded0ed3b756e5efcfa7e86f61f382b9b1	0	5	0	1040	5	5	0	0	0	0	0	0	0	0	si	captura completa con inventarios y residuos delta cero	GO
CAP_NORMAL_075	normal	testbin -test.run=^(TestHandoffO3cP5CasosAislados)$ -test.count=1	a26bda20e5ba7ad8f5015b54b491cd4ded0ed3b756e5efcfa7e86f61f382b9b1	0	5	0	915	5	5	0	0	0	0	0	0	0	0	si	captura completa con inventarios y residuos delta cero	GO
CAP_NORMAL_076	normal	testbin -test.run=^(TestHandoffO3cP5CasosAislados)$ -test.count=1	a26bda20e5ba7ad8f5015b54b491cd4ded0ed3b756e5efcfa7e86f61f382b9b1	0	5	0	911	5	5	0	0	0	0	0	0	0	0	si	captura completa con inventarios y residuos delta cero	GO
CAP_NORMAL_077	normal	testbin -test.run=^(TestHandoffO3cP5CasosAislados)$ -test.count=1	a26bda20e5ba7ad8f5015b54b491cd4ded0ed3b756e5efcfa7e86f61f382b9b1	0	5	0	913	5	5	0	0	0	0	0	0	0	0	si	captura completa con inventarios y residuos delta cero	GO
CAP_NORMAL_078	normal	testbin -test.run=^(TestHandoffO3cP5CasosAislados)$ -test.count=1	a26bda20e5ba7ad8f5015b54b491cd4ded0ed3b756e5efcfa7e86f61f382b9b1	0	5	0	911	5	5	0	0	0	0	0	0	0	0	si	captura completa con inventarios y residuos delta cero	GO
CAP_NORMAL_079	normal	testbin -test.run=^(TestHandoffO3cP5CasosAislados)$ -test.count=1	a26bda20e5ba7ad8f5015b54b491cd4ded0ed3b756e5efcfa7e86f61f382b9b1	0	5	0	917	5	5	0	0	0	0	0	0	0	0	si	captura completa con inventarios y residuos delta cero	GO
CAP_NORMAL_080	normal	testbin -test.run=^(TestHandoffO3cP5CasosAislados)$ -test.count=1	a26bda20e5ba7ad8f5015b54b491cd4ded0ed3b756e5efcfa7e86f61f382b9b1	0	5	0	1025	5	5	0	0	0	0	0	0	0	0	si	captura completa con inventarios y residuos delta cero	GO
CAP_NORMAL_081	normal	testbin -test.run=^(TestHandoffO3cP5CasosAislados)$ -test.count=1	a26bda20e5ba7ad8f5015b54b491cd4ded0ed3b756e5efcfa7e86f61f382b9b1	0	5	0	1016	5	5	0	0	0	0	0	0	0	0	si	captura completa con inventarios y residuos delta cero	GO
CAP_NORMAL_082	normal	testbin -test.run=^(TestHandoffO3cP5CasosAislados)$ -test.count=1	a26bda20e5ba7ad8f5015b54b491cd4ded0ed3b756e5efcfa7e86f61f382b9b1	0	5	0	909	5	5	0	0	0	0	0	0	0	0	si	captura completa con inventarios y residuos delta cero	GO
CAP_NORMAL_083	normal	testbin -test.run=^(TestHandoffO3cP5CasosAislados)$ -test.count=1	a26bda20e5ba7ad8f5015b54b491cd4ded0ed3b756e5efcfa7e86f61f382b9b1	0	5	0	908	5	5	0	0	0	0	0	0	0	0	si	captura completa con inventarios y residuos delta cero	GO
CAP_NORMAL_084	normal	testbin -test.run=^(TestHandoffO3cP5CasosAislados)$ -test.count=1	a26bda20e5ba7ad8f5015b54b491cd4ded0ed3b756e5efcfa7e86f61f382b9b1	0	5	0	909	5	5	0	0	0	0	0	0	0	0	si	captura completa con inventarios y residuos delta cero	GO
CAP_NORMAL_085	normal	testbin -test.run=^(TestHandoffO3cP5CasosAislados)$ -test.count=1	a26bda20e5ba7ad8f5015b54b491cd4ded0ed3b756e5efcfa7e86f61f382b9b1	0	5	0	908	5	5	0	0	0	0	0	0	0	0	si	captura completa con inventarios y residuos delta cero	GO
CAP_NORMAL_086	normal	testbin -test.run=^(TestHandoffO3cP5CasosAislados)$ -test.count=1	a26bda20e5ba7ad8f5015b54b491cd4ded0ed3b756e5efcfa7e86f61f382b9b1	0	5	0	908	5	5	0	0	0	0	0	0	0	0	si	captura completa con inventarios y residuos delta cero	GO
CAP_NORMAL_087	normal	testbin -test.run=^(TestHandoffO3cP5CasosAislados)$ -test.count=1	a26bda20e5ba7ad8f5015b54b491cd4ded0ed3b756e5efcfa7e86f61f382b9b1	0	5	0	909	5	5	0	0	0	0	0	0	0	0	si	captura completa con inventarios y residuos delta cero	GO
CAP_NORMAL_088	normal	testbin -test.run=^(TestHandoffO3cP5CasosAislados)$ -test.count=1	a26bda20e5ba7ad8f5015b54b491cd4ded0ed3b756e5efcfa7e86f61f382b9b1	0	5	0	908	5	5	0	0	0	0	0	0	0	0	si	captura completa con inventarios y residuos delta cero	GO
CAP_NORMAL_089	normal	testbin -test.run=^(TestHandoffO3cP5CasosAislados)$ -test.count=1	a26bda20e5ba7ad8f5015b54b491cd4ded0ed3b756e5efcfa7e86f61f382b9b1	0	5	0	908	5	5	0	0	0	0	0	0	0	0	si	captura completa con inventarios y residuos delta cero	GO
CAP_NORMAL_090	normal	testbin -test.run=^(TestHandoffO3cP5CasosAislados)$ -test.count=1	a26bda20e5ba7ad8f5015b54b491cd4ded0ed3b756e5efcfa7e86f61f382b9b1	0	5	0	911	5	5	0	0	0	0	0	0	0	0	si	captura completa con inventarios y residuos delta cero	GO
CAP_NORMAL_091	normal	testbin -test.run=^(TestHandoffO3cP5CasosAislados)$ -test.count=1	a26bda20e5ba7ad8f5015b54b491cd4ded0ed3b756e5efcfa7e86f61f382b9b1	0	5	0	911	5	5	0	0	0	0	0	0	0	0	si	captura completa con inventarios y residuos delta cero	GO
CAP_NORMAL_092	normal	testbin -test.run=^(TestHandoffO3cP5CasosAislados)$ -test.count=1	a26bda20e5ba7ad8f5015b54b491cd4ded0ed3b756e5efcfa7e86f61f382b9b1	0	5	0	908	5	5	0	0	0	0	0	0	0	0	si	captura completa con inventarios y residuos delta cero	GO
CAP_NORMAL_093	normal	testbin -test.run=^(TestHandoffO3cP5CasosAislados)$ -test.count=1	a26bda20e5ba7ad8f5015b54b491cd4ded0ed3b756e5efcfa7e86f61f382b9b1	0	5	0	913	5	5	0	0	0	0	0	0	0	0	si	captura completa con inventarios y residuos delta cero	GO
CAP_NORMAL_094	normal	testbin -test.run=^(TestHandoffO3cP5CasosAislados)$ -test.count=1	a26bda20e5ba7ad8f5015b54b491cd4ded0ed3b756e5efcfa7e86f61f382b9b1	0	5	0	913	5	5	0	0	0	0	0	0	0	0	si	captura completa con inventarios y residuos delta cero	GO
CAP_NORMAL_095	normal	testbin -test.run=^(TestHandoffO3cP5CasosAislados)$ -test.count=1	a26bda20e5ba7ad8f5015b54b491cd4ded0ed3b756e5efcfa7e86f61f382b9b1	0	5	0	808	5	5	0	0	0	0	0	0	0	0	si	captura completa con inventarios y residuos delta cero	GO
CAP_NORMAL_096	normal	testbin -test.run=^(TestHandoffO3cP5CasosAislados)$ -test.count=1	a26bda20e5ba7ad8f5015b54b491cd4ded0ed3b756e5efcfa7e86f61f382b9b1	0	5	0	809	5	5	0	0	0	0	0	0	0	0	si	captura completa con inventarios y residuos delta cero	GO
CAP_NORMAL_097	normal	testbin -test.run=^(TestHandoffO3cP5CasosAislados)$ -test.count=1	a26bda20e5ba7ad8f5015b54b491cd4ded0ed3b756e5efcfa7e86f61f382b9b1	0	5	0	909	5	5	0	0	0	0	0	0	0	0	si	captura completa con inventarios y residuos delta cero	GO
CAP_NORMAL_098	normal	testbin -test.run=^(TestHandoffO3cP5CasosAislados)$ -test.count=1	a26bda20e5ba7ad8f5015b54b491cd4ded0ed3b756e5efcfa7e86f61f382b9b1	0	5	0	808	5	5	0	0	0	0	0	0	0	0	si	captura completa con inventarios y residuos delta cero	GO
CAP_NORMAL_099	normal	testbin -test.run=^(TestHandoffO3cP5CasosAislados)$ -test.count=1	a26bda20e5ba7ad8f5015b54b491cd4ded0ed3b756e5efcfa7e86f61f382b9b1	0	5	0	808	5	5	0	0	0	0	0	0	0	0	si	captura completa con inventarios y residuos delta cero	GO
CAP_NORMAL_100	normal	testbin -test.run=^(TestHandoffO3cP5CasosAislados)$ -test.count=1	a26bda20e5ba7ad8f5015b54b491cd4ded0ed3b756e5efcfa7e86f61f382b9b1	0	5	0	915	5	5	0	0	0	0	0	0	0	0	si	captura completa con inventarios y residuos delta cero	GO
C01_ENTRADA	race	testbin -test.run=^(TestAutoridadO3cConsumoNominalAliasClonYReuso|TestAutoridadO3cNulosYB5ReadOnly|TestAutoridadO3cConsumeHandoffO3bReal)$ -test.count=1	a26bda20e5ba7ad8f5015b54b491cd4ded0ed3b756e5efcfa7e86f61f382b9b1	0	5	0	2230	6	6	0	0	0	0	0	0	0	0	si	B5 se consume una vez; alias clon reuso y nulos quedan cerrados	GO
C02_AGREGADO	race	testbin -test.run=^(TestAutoridadO3cNulosYB5ReadOnly|TestAutoridadO3cRechazosFatales)$ -test.count=1	a26bda20e5ba7ad8f5015b54b491cd4ded0ed3b756e5efcfa7e86f61f382b9b1	0	5	0	1212	6	6	0	0	0	0	0	0	0	0	si	agregado incompleto y estados distintos fallan cerrados	GO
C03_SELLOS	race	testbin -test.run=^(TestRevalidacionO3cCasosAislados)$ -test.count=1	a26bda20e5ba7ad8f5015b54b491cd4ded0ed3b756e5efcfa7e86f61f382b9b1	0	5	0	9926	6	6	0	0	0	0	0	0	0	0	si	registro generacion TID PPID PDEATHSIG lease y observador exactos	GO
C04_CONTROL	race	testbin -test.run=^(TestRevalidacionO3cCasosAislados|TestRevalidacionO3cPrecedenciaYAusenciaP3)$ -test.count=1	a26bda20e5ba7ad8f5015b54b491cd4ded0ed3b756e5efcfa7e86f61f382b9b1	0	5	0	10035	6	6	0	0	0	0	0	0	0	0	si	CONTROL nominal y negativos dominan sin CONT	GO
C05_BOOTSTRAP	race	testbin -test.run=^(TestRevalidacionO3cCasosAislados|TestRevalidacionO3cPrecedenciaYAusenciaP3)$ -test.count=1	a26bda20e5ba7ad8f5015b54b491cd4ded0ed3b756e5efcfa7e86f61f382b9b1	0	5	0	10455	6	6	0	0	0	0	0	0	0	0	si	bootstrap monotono no se reinicia y vencido produce cero CONT	GO
C06_PIDFD	race	testbin -test.run=^(TestRevalidacionO3cCasosAislados|TestRevalidacionO3cPrecedenciaYAusenciaP3)$ -test.count=1	a26bda20e5ba7ad8f5015b54b491cd4ded0ed3b756e5efcfa7e86f61f382b9b1	0	5	0	11065	6	6	0	0	0	0	0	0	0	0	si	dos pidfd y handle opaco sin cuarta referencia	GO
C07_IDENTIDAD	race	testbin -test.run=^(TestRevalidacionO3cCasosAislados)$ -test.count=1	a26bda20e5ba7ad8f5015b54b491cd4ded0ed3b756e5efcfa7e86f61f382b9b1	0	5	0	10251	6	6	0	0	0	0	0	0	0	0	si	terminalidad e identidad proc adversa retiran sin CONT	GO
C08_LEASE	race	testbin -test.run=^(TestRevalidacionO3cLeaseInacreditableEsFatal|TestRevalidacionO3cPrecedenciaYAusenciaP3)$ -test.count=1	a26bda20e5ba7ad8f5015b54b491cd4ded0ed3b756e5efcfa7e86f61f382b9b1	0	5	0	1212	6	6	0	0	0	0	0	0	0	0	si	cada syscall usa permiso separado y consolidacion inmediata	GO
C09_MARCA	race	testbin -test.run=^(TestContO3cMarcaRechazaNoMonotonoYOverflow)$ -test.count=1	a26bda20e5ba7ad8f5015b54b491cd4ded0ed3b756e5efcfa7e86f61f382b9b1	0	5	0	1110	6	6	0	0	0	0	0	0	0	0	si	marca monotona unica exacta 180 segundos y overflow cerrado	GO
C10_ORDEN_CONT	race	testbin -test.run=^(TestContO3cOrdenLiteralYAusenciaP4)$ -test.count=1	a26bda20e5ba7ad8f5015b54b491cd4ded0ed3b756e5efcfa7e86f61f382b9b1	0	5	0	1107	6	6	0	0	0	0	0	0	0	0	si	primer syscall tras marca es CONT sin intermedio	GO
C11_CONT_PIDFD	race	testbin -test.run=^(TestContO3cCasosAislados|TestContO3cOrdenLiteralYAusenciaP4)$ -test.count=1	a26bda20e5ba7ad8f5015b54b491cd4ded0ed3b756e5efcfa7e86f61f382b9b1	0	5	0	2612	6	6	0	0	0	0	0	0	0	0	si	SIGCONT de grupo por pidfd primario unico	GO
C12_CONT_RAW	race	testbin -test.run=^(TestContO3cCasosAislados)$ -test.count=1	a26bda20e5ba7ad8f5015b54b491cd4ded0ed3b756e5efcfa7e86f61f382b9b1	0	5	0	2612	6	6	0	0	0	0	0	0	0	0	si	error y EINTR no reintentan y conservan retorno raw	GO
C13_BORDE_BOOTSTRAP	race	testbin -test.run=^(TestContO3cCasosAislados|TestContO3cOrdenLiteralYAusenciaP4)$ -test.count=1	a26bda20e5ba7ad8f5015b54b491cd4ded0ed3b756e5efcfa7e86f61f382b9b1	0	5	0	2611	6	6	0	0	0	0	0	0	0	0	si	CONT comienza antes de bootstrap sin reloj intercalado	GO
C14_POLL	race	testbin -test.run=^(TestObservacionO3cCasosAislados|TestObservacionO3cClasificacionCerrada)$ -test.count=1	a26bda20e5ba7ad8f5015b54b491cd4ded0ed3b756e5efcfa7e86f61f382b9b1	0	5	0	3314	6	6	0	0	0	0	0	0	0	0	si	poll cero clasifica vacio POLLIN exacto o infraestructura	GO
C15_PRECEDENCIA_RAW	race	testbin -test.run=^(TestObservacionO3cCasosAislados|TestObservacionO3cPrecedenciaCASYAusenciaP5)$ -test.count=1	a26bda20e5ba7ad8f5015b54b491cd4ded0ed3b756e5efcfa7e86f61f382b9b1	0	5	0	3313	6	6	0	0	0	0	0	0	0	0	si	CONTROL precede observador y este precede pidfd	GO
C16_UNION	race	testbin -test.run=^(TestObservacionO3cClasificacionCerrada|TestObservacionO3cPrecedenciaCASYAusenciaP5)$ -test.count=1	a26bda20e5ba7ad8f5015b54b491cd4ded0ed3b756e5efcfa7e86f61f382b9b1	0	5	0	1110	6	6	0	0	0	0	0	0	0	0	si	discriminante cerrado unico e inmutable sin causa	GO
C17_OWNERS	race	testbin -test.run=^(TestHandoffO3cP5CasosAislados|TestHandoffO3cP5OrdenYAusenciaP6)$ -test.count=1	a26bda20e5ba7ad8f5015b54b491cd4ded0ed3b756e5efcfa7e86f61f382b9b1	0	5	0	4016	6	6	0	0	0	0	0	0	0	0	si	owner observador antes que lease; parcial CF sin rollback	GO
C18_O4A_OPACO	race	testbin -test.run=^(TestHandoffO3cP5CasosAislados|TestHandoffO3cP5OrdenYAusenciaP6)$ -test.count=1	a26bda20e5ba7ad8f5015b54b491cd4ded0ed3b756e5efcfa7e86f61f382b9b1	0	5	0	4013	6	6	0	0	0	0	0	0	0	0	si	agregado O4a opaco conserva custodia plazo raw y observacion	GO
C19_RETIRADA	race	testbin -test.run=^(TestHandoffO3cP5CasosAislados|TestHandoffO3cP5SeleccionReserva|TestHandoffO3cP5OrdenYAusenciaP6)$ -test.count=1	a26bda20e5ba7ad8f5015b54b491cd4ded0ed3b756e5efcfa7e86f61f382b9b1	0	5	0	4126	6	6	0	0	0	0	0	0	0	0	si	retirada pre CONT ordena terminalidad Wait ECHILD ESRCH cierres y liberacion	GO
C20_POST_CONT	race	testbin -test.run=^(TestHandoffO3cP5CasosAislados|TestHandoffO3cP5OrdenYAusenciaP6)$ -test.count=1	a26bda20e5ba7ad8f5015b54b491cd4ded0ed3b756e5efcfa7e86f61f382b9b1	0	5	0	4441	6	6	0	0	0	0	0	0	0	0	si	post CONT entrega o CF sin retirada cierre log ni retorno	GO
C21_FRONTERA	race	testbin -test.run=^(TestAutoridadO3cSinEfectosPosteriores|TestContO3cOrdenLiteralYAusenciaP4|TestObservacionO3cPrecedenciaCASYAusenciaP5|TestHandoffO3cP5OrdenYAusenciaP6)$ -test.count=1	a26bda20e5ba7ad8f5015b54b491cd4ded0ed3b756e5efcfa7e86f61f382b9b1	0	5	0	1206	6	6	0	0	0	0	0	0	0	0	si	sin espera causa TERMINAL ni APIs O4	GO
C22_RESIDUOS	race	testbin -test.run=^(TestHandoffO3cP5CasosAislados)$ -test.count=1	a26bda20e5ba7ad8f5015b54b491cd4ded0ed3b756e5efcfa7e86f61f382b9b1	0	5	0	4229	6	6	0	0	0	0	0	0	0	0	si	cien capturas por modo con FD hijos zombis grupos y temporales delta cero	GO
CAP_RACE_001	race	testbin -test.run=^(TestHandoffO3cP5CasosAislados)$ -test.count=1	a26bda20e5ba7ad8f5015b54b491cd4ded0ed3b756e5efcfa7e86f61f382b9b1	0	5	0	4123	5	5	0	0	0	0	0	0	0	0	si	captura completa con inventarios y residuos delta cero	GO
CAP_RACE_002	race	testbin -test.run=^(TestHandoffO3cP5CasosAislados)$ -test.count=1	a26bda20e5ba7ad8f5015b54b491cd4ded0ed3b756e5efcfa7e86f61f382b9b1	0	5	0	4014	5	5	0	0	0	0	0	0	0	0	si	captura completa con inventarios y residuos delta cero	GO
CAP_RACE_003	race	testbin -test.run=^(TestHandoffO3cP5CasosAislados)$ -test.count=1	a26bda20e5ba7ad8f5015b54b491cd4ded0ed3b756e5efcfa7e86f61f382b9b1	0	5	0	4017	5	5	0	0	0	0	0	0	0	0	si	captura completa con inventarios y residuos delta cero	GO
CAP_RACE_004	race	testbin -test.run=^(TestHandoffO3cP5CasosAislados)$ -test.count=1	a26bda20e5ba7ad8f5015b54b491cd4ded0ed3b756e5efcfa7e86f61f382b9b1	0	5	0	4119	5	5	0	0	0	0	0	0	0	0	si	captura completa con inventarios y residuos delta cero	GO
CAP_RACE_005	race	testbin -test.run=^(TestHandoffO3cP5CasosAislados)$ -test.count=1	a26bda20e5ba7ad8f5015b54b491cd4ded0ed3b756e5efcfa7e86f61f382b9b1	0	5	0	4120	5	5	0	0	0	0	0	0	0	0	si	captura completa con inventarios y residuos delta cero	GO
CAP_RACE_006	race	testbin -test.run=^(TestHandoffO3cP5CasosAislados)$ -test.count=1	a26bda20e5ba7ad8f5015b54b491cd4ded0ed3b756e5efcfa7e86f61f382b9b1	0	5	0	4334	5	5	0	0	0	0	0	0	0	0	si	captura completa con inventarios y residuos delta cero	GO
CAP_RACE_007	race	testbin -test.run=^(TestHandoffO3cP5CasosAislados)$ -test.count=1	a26bda20e5ba7ad8f5015b54b491cd4ded0ed3b756e5efcfa7e86f61f382b9b1	0	5	0	4355	5	5	0	0	0	0	0	0	0	0	si	captura completa con inventarios y residuos delta cero	GO
CAP_RACE_008	race	testbin -test.run=^(TestHandoffO3cP5CasosAislados)$ -test.count=1	a26bda20e5ba7ad8f5015b54b491cd4ded0ed3b756e5efcfa7e86f61f382b9b1	0	5	0	4014	5	5	0	0	0	0	0	0	0	0	si	captura completa con inventarios y residuos delta cero	GO
CAP_RACE_009	race	testbin -test.run=^(TestHandoffO3cP5CasosAislados)$ -test.count=1	a26bda20e5ba7ad8f5015b54b491cd4ded0ed3b756e5efcfa7e86f61f382b9b1	0	5	0	4231	5	5	0	0	0	0	0	0	0	0	si	captura completa con inventarios y residuos delta cero	GO
CAP_RACE_010	race	testbin -test.run=^(TestHandoffO3cP5CasosAislados)$ -test.count=1	a26bda20e5ba7ad8f5015b54b491cd4ded0ed3b756e5efcfa7e86f61f382b9b1	0	5	0	4016	5	5	0	0	0	0	0	0	0	0	si	captura completa con inventarios y residuos delta cero	GO
CAP_RACE_011	race	testbin -test.run=^(TestHandoffO3cP5CasosAislados)$ -test.count=1	a26bda20e5ba7ad8f5015b54b491cd4ded0ed3b756e5efcfa7e86f61f382b9b1	0	5	0	4116	5	5	0	0	0	0	0	0	0	0	si	captura completa con inventarios y residuos delta cero	GO
CAP_RACE_012	race	testbin -test.run=^(TestHandoffO3cP5CasosAislados)$ -test.count=1	a26bda20e5ba7ad8f5015b54b491cd4ded0ed3b756e5efcfa7e86f61f382b9b1	0	5	0	4016	5	5	0	0	0	0	0	0	0	0	si	captura completa con inventarios y residuos delta cero	GO
CAP_RACE_013	race	testbin -test.run=^(TestHandoffO3cP5CasosAislados)$ -test.count=1	a26bda20e5ba7ad8f5015b54b491cd4ded0ed3b756e5efcfa7e86f61f382b9b1	0	5	0	4013	5	5	0	0	0	0	0	0	0	0	si	captura completa con inventarios y residuos delta cero	GO
CAP_RACE_014	race	testbin -test.run=^(TestHandoffO3cP5CasosAislados)$ -test.count=1	a26bda20e5ba7ad8f5015b54b491cd4ded0ed3b756e5efcfa7e86f61f382b9b1	0	5	0	4132	5	5	0	0	0	0	0	0	0	0	si	captura completa con inventarios y residuos delta cero	GO
CAP_RACE_015	race	testbin -test.run=^(TestHandoffO3cP5CasosAislados)$ -test.count=1	a26bda20e5ba7ad8f5015b54b491cd4ded0ed3b756e5efcfa7e86f61f382b9b1	0	5	0	4129	5	5	0	0	0	0	0	0	0	0	si	captura completa con inventarios y residuos delta cero	GO
CAP_RACE_016	race	testbin -test.run=^(TestHandoffO3cP5CasosAislados)$ -test.count=1	a26bda20e5ba7ad8f5015b54b491cd4ded0ed3b756e5efcfa7e86f61f382b9b1	0	5	0	4227	5	5	0	0	0	0	0	0	0	0	si	captura completa con inventarios y residuos delta cero	GO
CAP_RACE_017	race	testbin -test.run=^(TestHandoffO3cP5CasosAislados)$ -test.count=1	a26bda20e5ba7ad8f5015b54b491cd4ded0ed3b756e5efcfa7e86f61f382b9b1	0	5	0	4320	5	5	0	0	0	0	0	0	0	0	si	captura completa con inventarios y residuos delta cero	GO
CAP_RACE_018	race	testbin -test.run=^(TestHandoffO3cP5CasosAislados)$ -test.count=1	a26bda20e5ba7ad8f5015b54b491cd4ded0ed3b756e5efcfa7e86f61f382b9b1	0	5	0	4343	5	5	0	0	0	0	0	0	0	0	si	captura completa con inventarios y residuos delta cero	GO
CAP_RACE_019	race	testbin -test.run=^(TestHandoffO3cP5CasosAislados)$ -test.count=1	a26bda20e5ba7ad8f5015b54b491cd4ded0ed3b756e5efcfa7e86f61f382b9b1	0	5	0	4015	5	5	0	0	0	0	0	0	0	0	si	captura completa con inventarios y residuos delta cero	GO
CAP_RACE_020	race	testbin -test.run=^(TestHandoffO3cP5CasosAislados)$ -test.count=1	a26bda20e5ba7ad8f5015b54b491cd4ded0ed3b756e5efcfa7e86f61f382b9b1	0	5	0	4134	5	5	0	0	0	0	0	0	0	0	si	captura completa con inventarios y residuos delta cero	GO
CAP_RACE_021	race	testbin -test.run=^(TestHandoffO3cP5CasosAislados)$ -test.count=1	a26bda20e5ba7ad8f5015b54b491cd4ded0ed3b756e5efcfa7e86f61f382b9b1	0	5	0	4016	5	5	0	0	0	0	0	0	0	0	si	captura completa con inventarios y residuos delta cero	GO
CAP_RACE_022	race	testbin -test.run=^(TestHandoffO3cP5CasosAislados)$ -test.count=1	a26bda20e5ba7ad8f5015b54b491cd4ded0ed3b756e5efcfa7e86f61f382b9b1	0	5	0	4015	5	5	0	0	0	0	0	0	0	0	si	captura completa con inventarios y residuos delta cero	GO
CAP_RACE_023	race	testbin -test.run=^(TestHandoffO3cP5CasosAislados)$ -test.count=1	a26bda20e5ba7ad8f5015b54b491cd4ded0ed3b756e5efcfa7e86f61f382b9b1	0	5	0	4017	5	5	0	0	0	0	0	0	0	0	si	captura completa con inventarios y residuos delta cero	GO
CAP_RACE_024	race	testbin -test.run=^(TestHandoffO3cP5CasosAislados)$ -test.count=1	a26bda20e5ba7ad8f5015b54b491cd4ded0ed3b756e5efcfa7e86f61f382b9b1	0	5	0	4019	5	5	0	0	0	0	0	0	0	0	si	captura completa con inventarios y residuos delta cero	GO
CAP_RACE_025	race	testbin -test.run=^(TestHandoffO3cP5CasosAislados)$ -test.count=1	a26bda20e5ba7ad8f5015b54b491cd4ded0ed3b756e5efcfa7e86f61f382b9b1	0	5	0	4145	5	5	0	0	0	0	0	0	0	0	si	captura completa con inventarios y residuos delta cero	GO
CAP_RACE_026	race	testbin -test.run=^(TestHandoffO3cP5CasosAislados)$ -test.count=1	a26bda20e5ba7ad8f5015b54b491cd4ded0ed3b756e5efcfa7e86f61f382b9b1	0	5	0	4314	5	5	0	0	0	0	0	0	0	0	si	captura completa con inventarios y residuos delta cero	GO
CAP_RACE_027	race	testbin -test.run=^(TestHandoffO3cP5CasosAislados)$ -test.count=1	a26bda20e5ba7ad8f5015b54b491cd4ded0ed3b756e5efcfa7e86f61f382b9b1	0	5	0	4135	5	5	0	0	0	0	0	0	0	0	si	captura completa con inventarios y residuos delta cero	GO
CAP_RACE_028	race	testbin -test.run=^(TestHandoffO3cP5CasosAislados)$ -test.count=1	a26bda20e5ba7ad8f5015b54b491cd4ded0ed3b756e5efcfa7e86f61f382b9b1	0	5	0	4129	5	5	0	0	0	0	0	0	0	0	si	captura completa con inventarios y residuos delta cero	GO
CAP_RACE_029	race	testbin -test.run=^(TestHandoffO3cP5CasosAislados)$ -test.count=1	a26bda20e5ba7ad8f5015b54b491cd4ded0ed3b756e5efcfa7e86f61f382b9b1	0	5	0	4473	5	5	0	0	0	0	0	0	0	0	si	captura completa con inventarios y residuos delta cero	GO
CAP_RACE_030	race	testbin -test.run=^(TestHandoffO3cP5CasosAislados)$ -test.count=1	a26bda20e5ba7ad8f5015b54b491cd4ded0ed3b756e5efcfa7e86f61f382b9b1	0	5	0	4371	5	5	0	0	0	0	0	0	0	0	si	captura completa con inventarios y residuos delta cero	GO
CAP_RACE_031	race	testbin -test.run=^(TestHandoffO3cP5CasosAislados)$ -test.count=1	a26bda20e5ba7ad8f5015b54b491cd4ded0ed3b756e5efcfa7e86f61f382b9b1	0	5	0	4133	5	5	0	0	0	0	0	0	0	0	si	captura completa con inventarios y residuos delta cero	GO
CAP_RACE_032	race	testbin -test.run=^(TestHandoffO3cP5CasosAislados)$ -test.count=1	a26bda20e5ba7ad8f5015b54b491cd4ded0ed3b756e5efcfa7e86f61f382b9b1	0	5	0	4023	5	5	0	0	0	0	0	0	0	0	si	captura completa con inventarios y residuos delta cero	GO
CAP_RACE_033	race	testbin -test.run=^(TestHandoffO3cP5CasosAislados)$ -test.count=1	a26bda20e5ba7ad8f5015b54b491cd4ded0ed3b756e5efcfa7e86f61f382b9b1	0	5	0	4242	5	5	0	0	0	0	0	0	0	0	si	captura completa con inventarios y residuos delta cero	GO
CAP_RACE_034	race	testbin -test.run=^(TestHandoffO3cP5CasosAislados)$ -test.count=1	a26bda20e5ba7ad8f5015b54b491cd4ded0ed3b756e5efcfa7e86f61f382b9b1	0	5	0	4331	5	5	0	0	0	0	0	0	0	0	si	captura completa con inventarios y residuos delta cero	GO
CAP_RACE_035	race	testbin -test.run=^(TestHandoffO3cP5CasosAislados)$ -test.count=1	a26bda20e5ba7ad8f5015b54b491cd4ded0ed3b756e5efcfa7e86f61f382b9b1	0	5	0	4344	5	5	0	0	0	0	0	0	0	0	si	captura completa con inventarios y residuos delta cero	GO
CAP_RACE_036	race	testbin -test.run=^(TestHandoffO3cP5CasosAislados)$ -test.count=1	a26bda20e5ba7ad8f5015b54b491cd4ded0ed3b756e5efcfa7e86f61f382b9b1	0	5	0	4014	5	5	0	0	0	0	0	0	0	0	si	captura completa con inventarios y residuos delta cero	GO
CAP_RACE_037	race	testbin -test.run=^(TestHandoffO3cP5CasosAislados)$ -test.count=1	a26bda20e5ba7ad8f5015b54b491cd4ded0ed3b756e5efcfa7e86f61f382b9b1	0	5	0	4021	5	5	0	0	0	0	0	0	0	0	si	captura completa con inventarios y residuos delta cero	GO
CAP_RACE_038	race	testbin -test.run=^(TestHandoffO3cP5CasosAislados)$ -test.count=1	a26bda20e5ba7ad8f5015b54b491cd4ded0ed3b756e5efcfa7e86f61f382b9b1	0	5	0	4051	5	5	0	0	0	0	0	0	0	0	si	captura completa con inventarios y residuos delta cero	GO
CAP_RACE_039	race	testbin -test.run=^(TestHandoffO3cP5CasosAislados)$ -test.count=1	a26bda20e5ba7ad8f5015b54b491cd4ded0ed3b756e5efcfa7e86f61f382b9b1	0	5	0	4024	5	5	0	0	0	0	0	0	0	0	si	captura completa con inventarios y residuos delta cero	GO
CAP_RACE_040	race	testbin -test.run=^(TestHandoffO3cP5CasosAislados)$ -test.count=1	a26bda20e5ba7ad8f5015b54b491cd4ded0ed3b756e5efcfa7e86f61f382b9b1	0	5	0	4015	5	5	0	0	0	0	0	0	0	0	si	captura completa con inventarios y residuos delta cero	GO
CAP_RACE_041	race	testbin -test.run=^(TestHandoffO3cP5CasosAislados)$ -test.count=1	a26bda20e5ba7ad8f5015b54b491cd4ded0ed3b756e5efcfa7e86f61f382b9b1	0	5	0	4018	5	5	0	0	0	0	0	0	0	0	si	captura completa con inventarios y residuos delta cero	GO
CAP_RACE_042	race	testbin -test.run=^(TestHandoffO3cP5CasosAislados)$ -test.count=1	a26bda20e5ba7ad8f5015b54b491cd4ded0ed3b756e5efcfa7e86f61f382b9b1	0	5	0	4014	5	5	0	0	0	0	0	0	0	0	si	captura completa con inventarios y residuos delta cero	GO
CAP_RACE_043	race	testbin -test.run=^(TestHandoffO3cP5CasosAislados)$ -test.count=1	a26bda20e5ba7ad8f5015b54b491cd4ded0ed3b756e5efcfa7e86f61f382b9b1	0	5	0	4226	5	5	0	0	0	0	0	0	0	0	si	captura completa con inventarios y residuos delta cero	GO
CAP_RACE_044	race	testbin -test.run=^(TestHandoffO3cP5CasosAislados)$ -test.count=1	a26bda20e5ba7ad8f5015b54b491cd4ded0ed3b756e5efcfa7e86f61f382b9b1	0	5	0	4159	5	5	0	0	0	0	0	0	0	0	si	captura completa con inventarios y residuos delta cero	GO
CAP_RACE_045	race	testbin -test.run=^(TestHandoffO3cP5CasosAislados)$ -test.count=1	a26bda20e5ba7ad8f5015b54b491cd4ded0ed3b756e5efcfa7e86f61f382b9b1	0	5	0	4166	5	5	0	0	0	0	0	0	0	0	si	captura completa con inventarios y residuos delta cero	GO
CAP_RACE_046	race	testbin -test.run=^(TestHandoffO3cP5CasosAislados)$ -test.count=1	a26bda20e5ba7ad8f5015b54b491cd4ded0ed3b756e5efcfa7e86f61f382b9b1	0	5	0	4648	5	5	0	0	0	0	0	0	0	0	si	captura completa con inventarios y residuos delta cero	GO
CAP_RACE_047	race	testbin -test.run=^(TestHandoffO3cP5CasosAislados)$ -test.count=1	a26bda20e5ba7ad8f5015b54b491cd4ded0ed3b756e5efcfa7e86f61f382b9b1	0	5	0	4138	5	5	0	0	0	0	0	0	0	0	si	captura completa con inventarios y residuos delta cero	GO
CAP_RACE_048	race	testbin -test.run=^(TestHandoffO3cP5CasosAislados)$ -test.count=1	a26bda20e5ba7ad8f5015b54b491cd4ded0ed3b756e5efcfa7e86f61f382b9b1	0	5	0	4441	5	5	0	0	0	0	0	0	0	0	si	captura completa con inventarios y residuos delta cero	GO
CAP_RACE_049	race	testbin -test.run=^(TestHandoffO3cP5CasosAislados)$ -test.count=1	a26bda20e5ba7ad8f5015b54b491cd4ded0ed3b756e5efcfa7e86f61f382b9b1	0	5	0	4015	5	5	0	0	0	0	0	0	0	0	si	captura completa con inventarios y residuos delta cero	GO
CAP_RACE_050	race	testbin -test.run=^(TestHandoffO3cP5CasosAislados)$ -test.count=1	a26bda20e5ba7ad8f5015b54b491cd4ded0ed3b756e5efcfa7e86f61f382b9b1	0	5	0	4016	5	5	0	0	0	0	0	0	0	0	si	captura completa con inventarios y residuos delta cero	GO
CAP_RACE_051	race	testbin -test.run=^(TestHandoffO3cP5CasosAislados)$ -test.count=1	a26bda20e5ba7ad8f5015b54b491cd4ded0ed3b756e5efcfa7e86f61f382b9b1	0	5	0	4125	5	5	0	0	0	0	0	0	0	0	si	captura completa con inventarios y residuos delta cero	GO
CAP_RACE_052	race	testbin -test.run=^(TestHandoffO3cP5CasosAislados)$ -test.count=1	a26bda20e5ba7ad8f5015b54b491cd4ded0ed3b756e5efcfa7e86f61f382b9b1	0	5	0	4347	5	5	0	0	0	0	0	0	0	0	si	captura completa con inventarios y residuos delta cero	GO
CAP_RACE_053	race	testbin -test.run=^(TestHandoffO3cP5CasosAislados)$ -test.count=1	a26bda20e5ba7ad8f5015b54b491cd4ded0ed3b756e5efcfa7e86f61f382b9b1	0	5	0	4148	5	5	0	0	0	0	0	0	0	0	si	captura completa con inventarios y residuos delta cero	GO
CAP_RACE_054	race	testbin -test.run=^(TestHandoffO3cP5CasosAislados)$ -test.count=1	a26bda20e5ba7ad8f5015b54b491cd4ded0ed3b756e5efcfa7e86f61f382b9b1	0	5	0	4024	5	5	0	0	0	0	0	0	0	0	si	captura completa con inventarios y residuos delta cero	GO
CAP_RACE_055	race	testbin -test.run=^(TestHandoffO3cP5CasosAislados)$ -test.count=1	a26bda20e5ba7ad8f5015b54b491cd4ded0ed3b756e5efcfa7e86f61f382b9b1	0	5	0	4022	5	5	0	0	0	0	0	0	0	0	si	captura completa con inventarios y residuos delta cero	GO
CAP_RACE_056	race	testbin -test.run=^(TestHandoffO3cP5CasosAislados)$ -test.count=1	a26bda20e5ba7ad8f5015b54b491cd4ded0ed3b756e5efcfa7e86f61f382b9b1	0	5	0	4015	5	5	0	0	0	0	0	0	0	0	si	captura completa con inventarios y residuos delta cero	GO
CAP_RACE_057	race	testbin -test.run=^(TestHandoffO3cP5CasosAislados)$ -test.count=1	a26bda20e5ba7ad8f5015b54b491cd4ded0ed3b756e5efcfa7e86f61f382b9b1	0	5	0	4236	5	5	0	0	0	0	0	0	0	0	si	captura completa con inventarios y residuos delta cero	GO
CAP_RACE_058	race	testbin -test.run=^(TestHandoffO3cP5CasosAislados)$ -test.count=1	a26bda20e5ba7ad8f5015b54b491cd4ded0ed3b756e5efcfa7e86f61f382b9b1	0	5	0	4235	5	5	0	0	0	0	0	0	0	0	si	captura completa con inventarios y residuos delta cero	GO
CAP_RACE_059	race	testbin -test.run=^(TestHandoffO3cP5CasosAislados)$ -test.count=1	a26bda20e5ba7ad8f5015b54b491cd4ded0ed3b756e5efcfa7e86f61f382b9b1	0	5	0	4013	5	5	0	0	0	0	0	0	0	0	si	captura completa con inventarios y residuos delta cero	GO
CAP_RACE_060	race	testbin -test.run=^(TestHandoffO3cP5CasosAislados)$ -test.count=1	a26bda20e5ba7ad8f5015b54b491cd4ded0ed3b756e5efcfa7e86f61f382b9b1	0	5	0	4018	5	5	0	0	0	0	0	0	0	0	si	captura completa con inventarios y residuos delta cero	GO
CAP_RACE_061	race	testbin -test.run=^(TestHandoffO3cP5CasosAislados)$ -test.count=1	a26bda20e5ba7ad8f5015b54b491cd4ded0ed3b756e5efcfa7e86f61f382b9b1	0	5	0	4114	5	5	0	0	0	0	0	0	0	0	si	captura completa con inventarios y residuos delta cero	GO
CAP_RACE_062	race	testbin -test.run=^(TestHandoffO3cP5CasosAislados)$ -test.count=1	a26bda20e5ba7ad8f5015b54b491cd4ded0ed3b756e5efcfa7e86f61f382b9b1	0	5	0	4123	5	5	0	0	0	0	0	0	0	0	si	captura completa con inventarios y residuos delta cero	GO
CAP_RACE_063	race	testbin -test.run=^(TestHandoffO3cP5CasosAislados)$ -test.count=1	a26bda20e5ba7ad8f5015b54b491cd4ded0ed3b756e5efcfa7e86f61f382b9b1	0	5	0	4358	5	5	0	0	0	0	0	0	0	0	si	captura completa con inventarios y residuos delta cero	GO
CAP_RACE_064	race	testbin -test.run=^(TestHandoffO3cP5CasosAislados)$ -test.count=1	a26bda20e5ba7ad8f5015b54b491cd4ded0ed3b756e5efcfa7e86f61f382b9b1	0	5	0	4432	5	5	0	0	0	0	0	0	0	0	si	captura completa con inventarios y residuos delta cero	GO
CAP_RACE_065	race	testbin -test.run=^(TestHandoffO3cP5CasosAislados)$ -test.count=1	a26bda20e5ba7ad8f5015b54b491cd4ded0ed3b756e5efcfa7e86f61f382b9b1	0	5	0	4229	5	5	0	0	0	0	0	0	0	0	si	captura completa con inventarios y residuos delta cero	GO
CAP_RACE_066	race	testbin -test.run=^(TestHandoffO3cP5CasosAislados)$ -test.count=1	a26bda20e5ba7ad8f5015b54b491cd4ded0ed3b756e5efcfa7e86f61f382b9b1	0	5	0	4123	5	5	0	0	0	0	0	0	0	0	si	captura completa con inventarios y residuos delta cero	GO
CAP_RACE_067	race	testbin -test.run=^(TestHandoffO3cP5CasosAislados)$ -test.count=1	a26bda20e5ba7ad8f5015b54b491cd4ded0ed3b756e5efcfa7e86f61f382b9b1	0	5	0	4128	5	5	0	0	0	0	0	0	0	0	si	captura completa con inventarios y residuos delta cero	GO
CAP_RACE_068	race	testbin -test.run=^(TestHandoffO3cP5CasosAislados)$ -test.count=1	a26bda20e5ba7ad8f5015b54b491cd4ded0ed3b756e5efcfa7e86f61f382b9b1	0	5	0	4119	5	5	0	0	0	0	0	0	0	0	si	captura completa con inventarios y residuos delta cero	GO
CAP_RACE_069	race	testbin -test.run=^(TestHandoffO3cP5CasosAislados)$ -test.count=1	a26bda20e5ba7ad8f5015b54b491cd4ded0ed3b756e5efcfa7e86f61f382b9b1	0	5	0	4012	5	5	0	0	0	0	0	0	0	0	si	captura completa con inventarios y residuos delta cero	GO
CAP_RACE_070	race	testbin -test.run=^(TestHandoffO3cP5CasosAislados)$ -test.count=1	a26bda20e5ba7ad8f5015b54b491cd4ded0ed3b756e5efcfa7e86f61f382b9b1	0	5	0	4016	5	5	0	0	0	0	0	0	0	0	si	captura completa con inventarios y residuos delta cero	GO
CAP_RACE_071	race	testbin -test.run=^(TestHandoffO3cP5CasosAislados)$ -test.count=1	a26bda20e5ba7ad8f5015b54b491cd4ded0ed3b756e5efcfa7e86f61f382b9b1	0	5	0	4017	5	5	0	0	0	0	0	0	0	0	si	captura completa con inventarios y residuos delta cero	GO
CAP_RACE_072	race	testbin -test.run=^(TestHandoffO3cP5CasosAislados)$ -test.count=1	a26bda20e5ba7ad8f5015b54b491cd4ded0ed3b756e5efcfa7e86f61f382b9b1	0	5	0	4233	5	5	0	0	0	0	0	0	0	0	si	captura completa con inventarios y residuos delta cero	GO
CAP_RACE_073	race	testbin -test.run=^(TestHandoffO3cP5CasosAislados)$ -test.count=1	a26bda20e5ba7ad8f5015b54b491cd4ded0ed3b756e5efcfa7e86f61f382b9b1	0	5	0	4226	5	5	0	0	0	0	0	0	0	0	si	captura completa con inventarios y residuos delta cero	GO
CAP_RACE_074	race	testbin -test.run=^(TestHandoffO3cP5CasosAislados)$ -test.count=1	a26bda20e5ba7ad8f5015b54b491cd4ded0ed3b756e5efcfa7e86f61f382b9b1	0	5	0	4260	5	5	0	0	0	0	0	0	0	0	si	captura completa con inventarios y residuos delta cero	GO
CAP_RACE_075	race	testbin -test.run=^(TestHandoffO3cP5CasosAislados)$ -test.count=1	a26bda20e5ba7ad8f5015b54b491cd4ded0ed3b756e5efcfa7e86f61f382b9b1	0	5	0	4371	5	5	0	0	0	0	0	0	0	0	si	captura completa con inventarios y residuos delta cero	GO
CAP_RACE_076	race	testbin -test.run=^(TestHandoffO3cP5CasosAislados)$ -test.count=1	a26bda20e5ba7ad8f5015b54b491cd4ded0ed3b756e5efcfa7e86f61f382b9b1	0	5	0	4139	5	5	0	0	0	0	0	0	0	0	si	captura completa con inventarios y residuos delta cero	GO
CAP_RACE_077	race	testbin -test.run=^(TestHandoffO3cP5CasosAislados)$ -test.count=1	a26bda20e5ba7ad8f5015b54b491cd4ded0ed3b756e5efcfa7e86f61f382b9b1	0	5	0	4226	5	5	0	0	0	0	0	0	0	0	si	captura completa con inventarios y residuos delta cero	GO
CAP_RACE_078	race	testbin -test.run=^(TestHandoffO3cP5CasosAislados)$ -test.count=1	a26bda20e5ba7ad8f5015b54b491cd4ded0ed3b756e5efcfa7e86f61f382b9b1	0	5	0	4126	5	5	0	0	0	0	0	0	0	0	si	captura completa con inventarios y residuos delta cero	GO
CAP_RACE_079	race	testbin -test.run=^(TestHandoffO3cP5CasosAislados)$ -test.count=1	a26bda20e5ba7ad8f5015b54b491cd4ded0ed3b756e5efcfa7e86f61f382b9b1	0	5	0	4031	5	5	0	0	0	0	0	0	0	0	si	captura completa con inventarios y residuos delta cero	GO
CAP_RACE_080	race	testbin -test.run=^(TestHandoffO3cP5CasosAislados)$ -test.count=1	a26bda20e5ba7ad8f5015b54b491cd4ded0ed3b756e5efcfa7e86f61f382b9b1	0	5	0	4124	5	5	0	0	0	0	0	0	0	0	si	captura completa con inventarios y residuos delta cero	GO
CAP_RACE_081	race	testbin -test.run=^(TestHandoffO3cP5CasosAislados)$ -test.count=1	a26bda20e5ba7ad8f5015b54b491cd4ded0ed3b756e5efcfa7e86f61f382b9b1	0	5	0	4124	5	5	0	0	0	0	0	0	0	0	si	captura completa con inventarios y residuos delta cero	GO
CAP_RACE_082	race	testbin -test.run=^(TestHandoffO3cP5CasosAislados)$ -test.count=1	a26bda20e5ba7ad8f5015b54b491cd4ded0ed3b756e5efcfa7e86f61f382b9b1	0	5	0	4149	5	5	0	0	0	0	0	0	0	0	si	captura completa con inventarios y residuos delta cero	GO
CAP_RACE_083	race	testbin -test.run=^(TestHandoffO3cP5CasosAislados)$ -test.count=1	a26bda20e5ba7ad8f5015b54b491cd4ded0ed3b756e5efcfa7e86f61f382b9b1	0	5	0	4248	5	5	0	0	0	0	0	0	0	0	si	captura completa con inventarios y residuos delta cero	GO
CAP_RACE_084	race	testbin -test.run=^(TestHandoffO3cP5CasosAislados)$ -test.count=1	a26bda20e5ba7ad8f5015b54b491cd4ded0ed3b756e5efcfa7e86f61f382b9b1	0	5	0	5133	5	5	0	0	0	0	0	0	0	0	si	captura completa con inventarios y residuos delta cero	GO
CAP_RACE_085	race	testbin -test.run=^(TestHandoffO3cP5CasosAislados)$ -test.count=1	a26bda20e5ba7ad8f5015b54b491cd4ded0ed3b756e5efcfa7e86f61f382b9b1	0	5	0	4532	5	5	0	0	0	0	0	0	0	0	si	captura completa con inventarios y residuos delta cero	GO
CAP_RACE_086	race	testbin -test.run=^(TestHandoffO3cP5CasosAislados)$ -test.count=1	a26bda20e5ba7ad8f5015b54b491cd4ded0ed3b756e5efcfa7e86f61f382b9b1	0	5	0	4552	5	5	0	0	0	0	0	0	0	0	si	captura completa con inventarios y residuos delta cero	GO
CAP_RACE_087	race	testbin -test.run=^(TestHandoffO3cP5CasosAislados)$ -test.count=1	a26bda20e5ba7ad8f5015b54b491cd4ded0ed3b756e5efcfa7e86f61f382b9b1	0	5	0	4253	5	5	0	0	0	0	0	0	0	0	si	captura completa con inventarios y residuos delta cero	GO
CAP_RACE_088	race	testbin -test.run=^(TestHandoffO3cP5CasosAislados)$ -test.count=1	a26bda20e5ba7ad8f5015b54b491cd4ded0ed3b756e5efcfa7e86f61f382b9b1	0	5	0	4252	5	5	0	0	0	0	0	0	0	0	si	captura completa con inventarios y residuos delta cero	GO
CAP_RACE_089	race	testbin -test.run=^(TestHandoffO3cP5CasosAislados)$ -test.count=1	a26bda20e5ba7ad8f5015b54b491cd4ded0ed3b756e5efcfa7e86f61f382b9b1	0	5	0	4135	5	5	0	0	0	0	0	0	0	0	si	captura completa con inventarios y residuos delta cero	GO
CAP_RACE_090	race	testbin -test.run=^(TestHandoffO3cP5CasosAislados)$ -test.count=1	a26bda20e5ba7ad8f5015b54b491cd4ded0ed3b756e5efcfa7e86f61f382b9b1	0	5	0	4129	5	5	0	0	0	0	0	0	0	0	si	captura completa con inventarios y residuos delta cero	GO
CAP_RACE_091	race	testbin -test.run=^(TestHandoffO3cP5CasosAislados)$ -test.count=1	a26bda20e5ba7ad8f5015b54b491cd4ded0ed3b756e5efcfa7e86f61f382b9b1	0	5	0	4127	5	5	0	0	0	0	0	0	0	0	si	captura completa con inventarios y residuos delta cero	GO
CAP_RACE_092	race	testbin -test.run=^(TestHandoffO3cP5CasosAislados)$ -test.count=1	a26bda20e5ba7ad8f5015b54b491cd4ded0ed3b756e5efcfa7e86f61f382b9b1	0	5	0	4234	5	5	0	0	0	0	0	0	0	0	si	captura completa con inventarios y residuos delta cero	GO
CAP_RACE_093	race	testbin -test.run=^(TestHandoffO3cP5CasosAislados)$ -test.count=1	a26bda20e5ba7ad8f5015b54b491cd4ded0ed3b756e5efcfa7e86f61f382b9b1	0	5	0	4118	5	5	0	0	0	0	0	0	0	0	si	captura completa con inventarios y residuos delta cero	GO
CAP_RACE_094	race	testbin -test.run=^(TestHandoffO3cP5CasosAislados)$ -test.count=1	a26bda20e5ba7ad8f5015b54b491cd4ded0ed3b756e5efcfa7e86f61f382b9b1	0	5	0	4014	5	5	0	0	0	0	0	0	0	0	si	captura completa con inventarios y residuos delta cero	GO
CAP_RACE_095	race	testbin -test.run=^(TestHandoffO3cP5CasosAislados)$ -test.count=1	a26bda20e5ba7ad8f5015b54b491cd4ded0ed3b756e5efcfa7e86f61f382b9b1	0	5	0	4121	5	5	0	0	0	0	0	0	0	0	si	captura completa con inventarios y residuos delta cero	GO
CAP_RACE_096	race	testbin -test.run=^(TestHandoffO3cP5CasosAislados)$ -test.count=1	a26bda20e5ba7ad8f5015b54b491cd4ded0ed3b756e5efcfa7e86f61f382b9b1	0	5	0	4170	5	5	0	0	0	0	0	0	0	0	si	captura completa con inventarios y residuos delta cero	GO
CAP_RACE_097	race	testbin -test.run=^(TestHandoffO3cP5CasosAislados)$ -test.count=1	a26bda20e5ba7ad8f5015b54b491cd4ded0ed3b756e5efcfa7e86f61f382b9b1	0	5	0	4438	5	5	0	0	0	0	0	0	0	0	si	captura completa con inventarios y residuos delta cero	GO
CAP_RACE_098	race	testbin -test.run=^(TestHandoffO3cP5CasosAislados)$ -test.count=1	a26bda20e5ba7ad8f5015b54b491cd4ded0ed3b756e5efcfa7e86f61f382b9b1	0	5	0	4244	5	5	0	0	0	0	0	0	0	0	si	captura completa con inventarios y residuos delta cero	GO
CAP_RACE_099	race	testbin -test.run=^(TestHandoffO3cP5CasosAislados)$ -test.count=1	a26bda20e5ba7ad8f5015b54b491cd4ded0ed3b756e5efcfa7e86f61f382b9b1	0	5	0	4018	5	5	0	0	0	0	0	0	0	0	si	captura completa con inventarios y residuos delta cero	GO
CAP_RACE_100	race	testbin -test.run=^(TestHandoffO3cP5CasosAislados)$ -test.count=1	a26bda20e5ba7ad8f5015b54b491cd4ded0ed3b756e5efcfa7e86f61f382b9b1	0	5	0	4672	5	5	0	0	0	0	0	0	0	0	si	captura completa con inventarios y residuos delta cero	GO
