sha256	ruta
0b95fe0cfda784089c904941f56a3ad52a0eb519ef43b2057af22d24498c0e53	deploy/postgresql/autorizacion_atestada_v3/pruebas_sql/captura_procesos_m38_h0b_fuente_corporativa_contexto_actor_v1_autoridad.go
cbe984e7963c33858c062946030fca7d3dae4a1531c49750439d050e7d8b5fa6	deploy/postgresql/autorizacion_atestada_v3/pruebas_sql/captura_procesos_m38_h0b_fuente_corporativa_contexto_actor_v1_autoridad_test.go
0499ede483615d57d5438d579f32580649b40fbf34b3be6bc26d31fa6c86c02d	deploy/postgresql/autorizacion_atestada_v3/pruebas_sql/captura_procesos_m38_h0b_fuente_corporativa_contexto_actor_v1_barrera.go
2b19821460d1d673d751e3d2a3f40d4588cfca312869b8839da4f29ad9327ff1	deploy/postgresql/autorizacion_atestada_v3/pruebas_sql/captura_procesos_m38_h0b_fuente_corporativa_contexto_actor_v1_barrera_test.go
4b8b856e506b188a750922b4e320502b597a4aacf930507376eec9feccf4a534	deploy/postgresql/autorizacion_atestada_v3/pruebas_sql/captura_procesos_m38_h0b_fuente_corporativa_contexto_actor_v1_handoff.go
61cc95f6ac5587f93c8232e7685afaf84defe1e918c7b82f6cf4034ff968a006	deploy/postgresql/autorizacion_atestada_v3/pruebas_sql/captura_procesos_m38_h0b_fuente_corporativa_contexto_actor_v1_handoff_test.go
803b9a343934e5423e0d3f5f5f4cbfee86f7321790d979e017254a924ac2be7a	deploy/postgresql/autorizacion_atestada_v3/pruebas_sql/captura_procesos_m38_h0b_fuente_corporativa_contexto_actor_v1_identidad.go
5a90e373973d1c6660613a9fa083bc95ed148ae097d4d1252cfb276e9061aa43	deploy/postgresql/autorizacion_atestada_v3/pruebas_sql/captura_procesos_m38_h0b_fuente_corporativa_contexto_actor_v1_identidad_test.go
99ae6fc4267062863f7e5adbccbe9e3698f08f114f107fd07f8cb6ed2f4af5f2	deploy/postgresql/autorizacion_atestada_v3/pruebas_sql/captura_procesos_m38_h0b_fuente_corporativa_contexto_actor_v1_stop.go
00ae399535227df420316b8713d13668f043946c3fc84a4bb73a0c9ca69c5942	deploy/postgresql/autorizacion_atestada_v3/pruebas_sql/captura_procesos_m38_h0b_fuente_corporativa_contexto_actor_v1_stop_test.go
4c3e7b888107a20b0ec2ae2479aa9a30378aad3a23b92ffc398597e6ce3dc484	deploy/postgresql/autorizacion_atestada_v3/pruebas_sql/captura_procesos_m38_h0b_fuente_corporativa_contexto_actor_v1_ticket.go
8dd596e9125b5a0956445a37c0c3d6d27583f275e718146ecd4a749999a0679f	deploy/postgresql/autorizacion_atestada_v3/pruebas_sql/captura_procesos_m38_h0b_fuente_corporativa_contexto_actor_v1_ticket_test.go
150c46ebeef8b6d2850d735b1f679701d620f0ef54850ab01f20fca986c9a599	deploy/postgresql/autorizacion_atestada_v3/pruebas_sql/continuacion_procesos_m38_h0b_fuente_corporativa_contexto_actor_v1_autoridad.go
0a2e6da998c3e30c7cdc115b28f9bb51de866264cecc5fadc05ba2d744bcb2f5	deploy/postgresql/autorizacion_atestada_v3/pruebas_sql/continuacion_procesos_m38_h0b_fuente_corporativa_contexto_actor_v1_autoridad_test.go
447d5779ea90731b3b53a46870861b79bc95a478bd0fa7540b717ea279bd94be	deploy/postgresql/autorizacion_atestada_v3/pruebas_sql/continuacion_procesos_m38_h0b_fuente_corporativa_contexto_actor_v1_cont.go
4f80571294640cab83bf1f2cd1d86d3c509d546ba4fdf50ab056480005524a33	deploy/postgresql/autorizacion_atestada_v3/pruebas_sql/continuacion_procesos_m38_h0b_fuente_corporativa_contexto_actor_v1_cont_test.go
66fb9c71e8c5d5e03cd7a32380986c23a0139720673a9b2348e1bcf03d3ec4cf	deploy/postgresql/autorizacion_atestada_v3/pruebas_sql/continuacion_procesos_m38_h0b_fuente_corporativa_contexto_actor_v1_handoff.go
13bac7a37f5d82bc27d2cb4f767b963eee6f99961cf574a8616186afde391d76	deploy/postgresql/autorizacion_atestada_v3/pruebas_sql/continuacion_procesos_m38_h0b_fuente_corporativa_contexto_actor_v1_handoff_test.go
bf2a5814608479cfe03628be31e951087a6da29f21f8a88a053108fa0d6620b0	deploy/postgresql/autorizacion_atestada_v3/pruebas_sql/continuacion_procesos_m38_h0b_fuente_corporativa_contexto_actor_v1_observacion.go
44b0c6f8548350dd3275eeddc82406b7fecdfacc1d4ef00ae75dfe9248a41204	deploy/postgresql/autorizacion_atestada_v3/pruebas_sql/continuacion_procesos_m38_h0b_fuente_corporativa_contexto_actor_v1_observacion_test.go
35409603d803a6d74288a391bea93239d2246fbe3c0d35eecf2063c0da1fe1aa	deploy/postgresql/autorizacion_atestada_v3/pruebas_sql/continuacion_procesos_m38_h0b_fuente_corporativa_contexto_actor_v1_revalidacion.go
85ee778418332087314d8a1146d9160330759d3729e8935b429924c53bc448bc	deploy/postgresql/autorizacion_atestada_v3/pruebas_sql/continuacion_procesos_m38_h0b_fuente_corporativa_contexto_actor_v1_revalidacion_test.go
e1f8406adda1cdf4db11da780d9bb59fc121d84b09689e95bea1adc649da984a	deploy/postgresql/autorizacion_atestada_v3/pruebas_sql/supervisor_procesos_m38_h0b_fuente_corporativa_contexto_actor_v1.go
9015dff049f04f839920c964a5d8471c1b3f7f9e3dcab339266cf2e13f155bd8	deploy/postgresql/autorizacion_atestada_v3/pruebas_sql/supervisor_procesos_m38_h0b_fuente_corporativa_contexto_actor_v1_arranque_autoridad.go
a8eb81a65fd2ef7183fa2a4d6c3630f4ed733034ca680f64d2b2eb3a9789974a	deploy/postgresql/autorizacion_atestada_v3/pruebas_sql/supervisor_procesos_m38_h0b_fuente_corporativa_contexto_actor_v1_arranque_inicio.go
f38dd287682916d97230ca18fc8c04b54377c09010e8e0ed5459d6fae29c65af	deploy/postgresql/autorizacion_atestada_v3/pruebas_sql/supervisor_procesos_m38_h0b_fuente_corporativa_contexto_actor_v1_arranque_preparacion.go
d8bad20d409af9a4062d9a9fc73b9b0f014e4827fcbb0967e7263fee884971f3	deploy/postgresql/autorizacion_atestada_v3/pruebas_sql/supervisor_procesos_m38_h0b_fuente_corporativa_contexto_actor_v1_arranque_pruebas.go
7182defc49463a2da9a5cc4ef8f59440d0e90046ef33db8a308c557d2af18d6e	deploy/postgresql/autorizacion_atestada_v3/pruebas_sql/supervisor_procesos_m38_h0b_fuente_corporativa_contexto_actor_v1_arranque_pruebas_adversas.go
2befe2a4c16fc7a57aacd421ea6c8419ab49160bb2ae0d0eb6f03786194aa744	deploy/postgresql/autorizacion_atestada_v3/pruebas_sql/supervisor_procesos_m38_h0b_fuente_corporativa_contexto_actor_v1_control_preinicio.go
10ccaf8347bfcaa5f3990b75b4c9becd62cd39b60249b628af6c7a1fc6bc8867	deploy/postgresql/autorizacion_atestada_v3/pruebas_sql/supervisor_procesos_m38_h0b_fuente_corporativa_contexto_actor_v1_control_preinicio_pruebas.go
01acb818e9abefcbfe4c279bb0dd5e3317bf03f082f1ed3fba4f257c5642866b	deploy/postgresql/autorizacion_atestada_v3/pruebas_sql/supervisor_procesos_m38_h0b_fuente_corporativa_contexto_actor_v1_operativo.go
d608868ecb2cb753876f488b522975e05af06c013c82222959be5d85100c3633	deploy/postgresql/autorizacion_atestada_v3/pruebas_sql/supervisor_procesos_m38_h0b_fuente_corporativa_contexto_actor_v1_sobre_s0.go
